training/actor/actor_loss,training/actor/bc_log_prob,training/actor/bc_loss,training/actor/mse,training/actor/q_abs_mean,training/actor/q_loss,training/actor/q_mean,training/actor/std,training/critic/q_loss,training/critic/q_max,training/critic/q_mean,training/critic/q_min,training/critic/total_loss,training/grad/max,training/grad/min,training/grad/norm,validation/actor/actor_loss,validation/actor/bc_log_prob,validation/actor/bc_loss,validation/actor/mse,validation/actor/q_abs_mean,validation/actor/q_loss,validation/actor/q_mean,validation/actor/std,validation/critic/q_loss,validation/critic/q_max,validation/critic/q_mean,validation/critic/q_min,validation/critic/total_loss,time/epoch_time,time/total_time,step
1.0744514,-2.4817185,0.074451566,0.6438417,5.657426,0.9999999,-5.657426,1.0,[[[4.69728751e-04 8.26098211e-03 7.78398709e-03 3.42250394e-04
   7.36106047e-03 9.90858898e-05 8.92805285e-04 2.02861615e-03
   8.19641445e-03 1.29226071e-03 1.69558189e-04 7.23874522e-03
   8.59816372e-03 8.24887399e-03 3.67811532e-03 8.21474008e-03
   1.77097917e-02 1.83678960e-04 6.34919200e-03 7.38722039e-03
   1.89497955e-02 8.78570043e-03 6.21970801e-04 2.82262755e-03
   1.69326365e-02 7.02446885e-03 3.82242230e-04 2.72634882e-03
   1.17466552e-02 6.89861918e-05 7.76620395e-03 1.69783253e-02
   7.87761342e-03 1.71399135e-02 1.71243353e-03 5.29811857e-03
   1.22727761e-02 7.02054752e-03 7.13757752e-03 3.12186421e-05
   1.54581678e-03 1.72709338e-02 6.68320665e-03 9.62998020e-04
   1.21871131e-02 1.90715156e-02 1.69382882e-04 1.57690013e-03
   7.39859277e-03 9.44714248e-03 1.65746026e-02 1.72713154e-03
   6.14250870e-03 7.31480215e-03 7.59655563e-03 8.53268255e-04
   1.00307046e-02 7.36440206e-03 6.22991007e-03 9.03703098e-04
   6.96084602e-03 7.63787841e-03 5.06451725e-05 3.69061367e-03
   1.01316106e-02 7.14601437e-03 2.39466224e-03 1.11447312e-02
   1.53994726e-04 4.21307690e-04 6.01160852e-03 1.89446695e-02
   5.82294241e-02 7.85978884e-03 1.11508127e-02 1.09884795e-02
   7.64511246e-03 2.74009013e-04 1.94581617e-02 7.62440683e-03
   1.31871551e-04 7.08093587e-03 6.22381410e-03 2.39372413e-04
   7.33950082e-03 4.56356304e-03 1.35312518e-02 1.72351618e-04
   7.52818363e-04 1.93014089e-02 9.81968362e-03 1.70621730e-03
   3.40865343e-03 3.90303205e-04 2.02599494e-03 1.24561852e-02
   1.31990237e-03 7.74665875e-03 8.03919684e-04 7.14399572e-03
   8.07672087e-03 7.33182533e-03 6.25837920e-03 2.93741375e-03
   7.09826872e-03 1.68811716e-03 3.25643346e-02 2.25073192e-02
   1.54347634e-02 8.52772035e-03 7.55870761e-03 2.27011810e-03
   2.52097733e-02 1.24789239e-03 2.06866954e-03 3.07627110e-04
   7.81081803e-03 2.01515388e-03 1.00648599e-02 3.33339395e-03
   9.37415825e-05 7.47152045e-03 2.39335243e-02 1.25726769e-02
   1.33578037e-03 6.84809079e-03 8.30255263e-03 1.35564562e-02
   6.47289911e-04 4.53298725e-03 2.17056670e-03 1.62374433e-02
   7.97101110e-03 1.88307706e-04 4.53927962e-04 8.15444253e-03
   7.84720201e-03 5.65070717e-04 6.53812848e-03 8.11512861e-03
   5.27199544e-03 7.32207205e-03 2.97312415e-03 1.68698293e-03
   7.42452824e-03 2.23369617e-02 7.29491422e-03 1.03183519e-02
   3.22417077e-03 2.07473454e-03 1.35301147e-02 1.21337129e-02
   1.97410230e-02 1.42768696e-01 2.64248694e-03 1.62202809e-02
   7.00381026e-03 4.79635829e-03 4.22890857e-02 4.56384989e-03
   6.94183214e-03 1.85725323e-04 7.14476174e-03 2.16471143e-02
   5.37040364e-03 7.86360260e-03 1.15356393e-01 2.39201749e-04
   7.35697895e-03 2.68946082e-04 1.44218525e-03 3.38331301e-04
   6.92316284e-03 1.02784820e-02 7.06380373e-03 5.06850716e-04
   8.63962248e-03 1.72417576e-03 6.49942318e-03 2.19192654e-02
   1.09576434e-02 7.77830975e-03 2.55853799e-03 2.62400772e-05
   7.66053470e-03 6.30287360e-03 1.72686519e-03 7.56346388e-03
   7.29171233e-03 2.27696891e-03 5.75609971e-03 4.13152389e-03
   7.18114339e-03 3.90136684e-03 5.14298752e-02 7.49292364e-03
   8.41261726e-03 1.38815921e-02 1.64097585e-02 1.33065158e-04
   5.78190107e-03 8.35685525e-03 2.13842053e-04 5.85393747e-03
   7.29487510e-03 7.20519526e-03 3.86726880e-03 7.25658471e-03
   6.98730024e-03 7.89617933e-03 3.96856666e-03 1.78905241e-02
   1.37720234e-03 6.20311638e-03 1.31585328e-02 1.70113426e-02
   4.99856398e-02 2.16441490e-02 1.58250332e-01 9.23908228e-05
   2.39728633e-05 1.27620995e-03 2.24840958e-02 2.27726559e-04
   7.22822128e-03 1.14084901e-02 2.94358964e-04 7.14160874e-03
   3.25490080e-04 4.16234229e-03 3.09710931e-02 1.53116072e-02
   1.51919015e-03 2.42818822e-03 6.55074138e-03 2.34035123e-02
   1.21272169e-03 3.81317339e-04 6.10217045e-04 1.70433167e-02
   2.47107120e-04 6.63095340e-03 1.03552015e-02 2.80680397e-04
   1.24259270e-03 7.28625758e-03 8.38426128e-03 2.33006990e-03
   6.73121322e-05 1.46611715e-02 3.11506400e-03 1.26810959e-02
   2.82824552e-03 3.69527354e-03 2.07740164e+00 3.63398553e-03]
  [9.33609321e-04 7.12997606e-03 6.75713690e-03 6.24769891e-04
   6.60467474e-03 2.21732393e-04 7.73625099e-04 3.62838525e-03
   7.19404453e-03 3.85292573e-03 2.97613151e-04 6.21002773e-03
   7.31533486e-03 7.10877730e-03 3.89282499e-03 7.33134476e-03
   2.03043856e-02 1.59848802e-04 4.88348026e-03 6.32342184e-03
   1.35267591e-02 4.92517371e-03 3.38293985e-03 4.53896262e-03
   1.20622879e-02 6.11000834e-03 9.26400651e-04 4.56043286e-03
   1.32463509e-02 1.61316525e-03 6.69611944e-03 1.48737188e-02
   6.87039644e-03 2.23096088e-02 1.65126252e-03 1.01624681e-02
   1.31684253e-02 5.86642511e-03 6.09353092e-03 7.16780633e-05
   1.13560818e-03 1.17753902e-02 1.01262014e-02 2.88054929e-03
   7.86943361e-03 1.48836235e-02 1.66068363e-04 1.85786537e-03
   6.64779730e-03 5.60172321e-03 2.01960821e-02 1.10861624e-03
   3.31707764e-03 6.11709245e-03 6.95377961e-03 2.94682081e-03
   6.33038813e-03 6.31589070e-03 4.07202169e-03 4.31793416e-03
   6.28829468e-03 6.83390303e-03 9.61641199e-05 3.12084425e-03
   1.08116129e-02 6.19284017e-03 2.31902534e-03 8.16472992e-03
   2.97787832e-03 1.04143925e-03 9.63664334e-03 2.06166487e-02
   1.26918912e-01 6.74125785e-03 7.48665491e-03 1.05238985e-02
   6.60029659e-03 6.68751018e-04 2.02962831e-02 6.70291111e-03
   3.86109372e-04 6.09342661e-03 1.15952613e-02 2.79282057e-03
   6.79295184e-03 2.44818162e-03 1.12827332e-03 1.66542115e-04
   1.61543151e-03 1.58427469e-02 5.92256105e-03 4.58956836e-03
   3.51744867e-03 2.02736072e-03 1.22908247e-03 1.60188992e-02
   1.30231550e-03 6.86446996e-03 1.42817781e-03 6.02035178e-03
   7.27868592e-03 6.27472438e-03 3.87037196e-03 3.80018121e-03
   1.01159653e-02 2.86447024e-03 9.59829800e-03 8.59600157e-02
   1.50634954e-02 7.42998905e-03 6.55877916e-03 2.19826074e-03
   1.82122141e-02 1.79934956e-03 2.75864638e-03 5.62111614e-04
   7.16593303e-03 2.23799446e-03 1.11982049e-02 5.10575948e-03
   1.69028717e-04 6.42970297e-03 1.86860133e-02 1.54088400e-02
   3.47615383e-03 5.69450203e-03 7.17123412e-03 8.80570523e-03
   4.71254578e-04 5.81494253e-03 3.53578618e-03 1.50931738e-02
   5.38001675e-03 4.37673531e-04 6.83806662e-04 7.09001953e-03
   7.12758955e-03 1.68663182e-03 4.91392706e-03 7.05780974e-03
   5.85979037e-03 6.46934193e-03 3.84668680e-03 3.07774567e-03
   6.49164570e-03 2.73300502e-02 6.22286694e-03 1.02350526e-02
   4.65997448e-03 4.51707700e-03 1.54119460e-02 1.23965470e-02
   1.81653425e-02 1.14824794e-01 2.84489430e-03 1.34215588e-02
   5.82062732e-03 4.77604708e-03 1.10501841e-01 9.38138366e-03
   6.13758387e-03 7.96974287e-04 6.45936513e-03 2.11712550e-02
   7.66214589e-03 7.11160945e-03 1.41790345e-01 1.21851114e-03
   6.26276573e-03 9.32462921e-04 1.56177313e-03 7.30836997e-04
   5.83122578e-03 1.02637345e-02 6.22236636e-03 7.38950854e-04
   6.10777596e-03 3.55311576e-03 4.81742620e-03 2.59271432e-02
   1.20231090e-02 6.74291374e-03 1.85434916e-03 5.78530773e-04
   6.57899445e-03 4.99411905e-03 4.61294176e-03 6.87031681e-03
   6.28766650e-03 6.08552620e-03 3.26413312e-03 4.29232139e-03
   6.43759035e-03 5.26225334e-03 1.21572144e-01 6.88762730e-03
   7.32823694e-03 1.51266167e-02 1.31827909e-02 8.24436918e-03
   3.49659026e-02 8.36878177e-03 4.17746807e-04 3.46990931e-03
   6.80117030e-03 6.10954314e-03 1.07020338e-03 6.09898614e-03
   5.80723584e-03 6.80197496e-03 2.31360644e-03 2.12317631e-02
   4.00487240e-03 4.18337435e-03 7.95383193e-03 3.34585160e-02
   1.19659133e-01 1.73278283e-02 1.73158437e-01 1.17538941e-04
   6.26611989e-04 8.05781223e-04 1.84331443e-02 1.53206894e-03
   6.08699210e-03 9.03478824e-03 3.05172056e-04 6.12493930e-03
   5.85794973e-04 7.25895213e-03 5.52574918e-03 1.24382833e-02
   3.93043505e-03 3.90506582e-03 9.97907668e-03 7.79116228e-02
   2.12916243e-03 2.50628241e-03 2.67491397e-03 1.43660353e-02
   1.63594401e-03 4.14700387e-03 1.27695175e-02 7.74758053e-04
   1.83457939e-03 6.22965349e-03 7.35420315e-03 4.32820665e-03
   3.83297825e-04 1.74714159e-02 1.49115070e-03 1.39403353e-02
   1.39745593e-03 3.37889907e-03 2.28533888e+00 6.33824756e-03]]],0.3811838,0.019324142,1.4671263e-05,0.018386768,0.037904307,-0.016173864,0.2477572,1.0732746,-2.4424894,0.07327468,0.60461235,5.80962,0.9999999,-5.80962,1.0,[[[5.21237853e-05 1.22910598e-04 1.49607658e-03 1.43037527e-04
   4.33746813e-04 4.41283890e-04 9.25709493e-03 9.32819239e-05
   1.34774335e-02 9.45159525e-04 8.13702866e-03 1.22528477e-02
   8.11829884e-03 2.80542905e-03 4.27533028e-04 5.78761473e-03
   8.59864056e-03 9.68325767e-04 8.43143184e-03 1.19829504e-02
   4.89533646e-04 5.70010860e-03 4.39494988e-03 8.87210947e-03
   8.40390287e-03 2.45420961e-04 9.55503806e-03 5.89697715e-03
   1.94947515e-03 8.79991986e-03 2.72050791e-04 6.98542874e-03
   7.27014337e-03 7.82234874e-03 2.45980788e-02 7.73121091e-03
   8.26946180e-03 1.54165889e-03 9.48535092e-03 8.14982690e-03
   9.63400089e-05 1.02622912e-03 2.35575698e-02 2.79675471e-04
   1.02526299e-03 1.62317809e-02 7.90162943e-03 1.41018303e-04
   2.00051405e-02 8.77413375e-04 6.69701817e-03 3.08399298e-03
   4.99510020e-03 4.39018273e-04 9.51566210e-04 1.06266979e-03
   2.86041014e-03 7.69873988e-03 1.13644414e-02 1.98970176e-02
   1.38899265e-03 2.04595528e-03 1.29638445e-02 4.12368565e-04
   1.40468508e-03 8.82059243e-03 4.46698954e-03 4.25720791e-05
   8.71818699e-03 5.59153908e-04 1.29798788e-03 5.66534605e-03
   9.75657068e-03 7.95637909e-03 1.49591109e-02 1.73278660e-01
   3.33595963e-04 2.78867246e-03 1.37996837e-03 1.67422986e-04
   8.16769712e-03 4.66720194e-05 1.87414736e-02 2.50628975e-04
   7.97904003e-03 4.85400483e-03 2.44005350e-04 7.96171185e-03
   7.80166080e-03 4.40012617e-03 4.20845672e-02 4.95751435e-03
   1.92792416e-02 9.18859150e-03 1.76369429e-01 8.15038569e-03
   3.67161841e-03 6.93424195e-02 1.63418874e-02 2.70213839e-03
   1.47773651e-02 5.13981038e-04 1.50787807e-03 8.78520962e-03
   3.17469146e-03 4.80609667e-03 2.34437594e-03 7.48563511e-03
   4.57912264e-03 7.43722590e-03 1.78369915e-03 3.77635006e-03
   9.37388185e-03 1.65938574e-04 2.49613845e-03 2.13119403e-01
   9.36362986e-03 3.70697095e-03 8.00667237e-03 2.34694977e-04
   1.26550556e-03 1.95020111e-04 3.32285501e-02 2.10569054e-02
   3.60933220e-04 3.09821800e-03 1.18115233e-04 6.66358182e-03
   7.09200604e-03 1.56411622e-02 1.15425317e-02 8.63939710e-03
   7.88723864e-03 1.55352876e-01 4.72144084e-03 2.68681184e-03
   8.35984480e-03 1.45244235e-02 9.82889440e-04 1.83142759e-02
   1.72310160e-03 8.17209855e-03 1.39270909e-04 1.83759374e-04
   6.45511667e-04 1.80971883e-02 4.11879300e-04 1.03905576e-03
   1.09106768e-03 1.94756538e-02 7.80883897e-03 2.28503086e-02
   5.19600976e-03 1.25986396e-03 7.66124856e-03 1.38287889e-02
   6.92252070e-03 5.98373078e-03 1.71217974e-02 2.04530149e-03
   2.28295382e-02 6.95853774e-03 1.89746861e-04 3.19853534e-05
   6.73796004e-03 3.90935311e-04 3.78933852e-04 9.15938336e-03
   1.05189830e-02 1.69694831e-03 4.11484204e-03 1.49094043e-02
   1.55680599e-02 2.53707956e-04 6.53695839e-04 8.90664011e-03
   7.59211462e-03 1.18224798e-02 4.37847862e-04 4.98803938e-03
   1.94169451e-02 8.94162059e-03 2.54405243e-03 6.48093875e-03
   1.57658316e-04 8.21156893e-03 3.82662541e-03 1.60481930e-02
   2.97877844e-03 6.80218873e-05 8.28727614e-03 5.72239701e-03
   1.61512021e-03 1.78906843e-02 3.59426858e-03 3.77083234e-02
   2.49027833e-03 7.21036410e-03 1.24279491e-03 1.50164647e-03
   1.38463001e-05 3.74925330e-05 2.79312750e-04 1.57123413e-02
   8.82160943e-03 1.50638083e-02 6.22128183e-03 1.48338387e-02
   1.64141566e-01 8.31339229e-03 8.00896715e-03 1.67762414e-01
   4.24352139e-02 2.43124198e-02 1.00434852e-04 8.85875057e-03
   1.55988469e-04 2.21308728e-04 9.35740024e-03 9.16743279e-03
   3.58478562e-03 6.99088909e-03 6.48001034e-04 2.80955515e-04
   1.08390665e-02 2.37870775e-02 5.23971347e-03 7.47144280e-04
   9.04594176e-03 3.33617139e-03 1.12449266e-02 9.47333028e-05
   1.10534634e-02 3.23719648e-03 4.34956886e-03 8.60142522e-03
   3.36804427e-04 2.80237320e-04 4.79657901e-03 1.25917839e-02
   7.13943923e-03 6.11873475e-05 2.15483116e-04 5.31008263e-05
   4.06238978e-04 5.17476816e-04 2.65048770e-03 1.84799302e-02
   5.83987311e-03 1.67440169e-03 9.18905775e-04 2.17597070e-03
   8.72474979e-04 8.04090779e-03 1.99813675e-03 7.93951112e-05]
  [4.94854648e-05 4.53702669e-04 2.23406358e-03 2.59768218e-04
   5.21189719e-03 3.78118188e-04 7.68694608e-03 1.29053288e-03
   8.37191474e-03 2.95778178e-03 6.38117455e-03 1.76754948e-02
   6.53254101e-03 1.49011950e-03 3.77830787e-04 4.13202913e-03
   6.84923120e-03 8.69909709e-04 6.87536271e-03 1.09599177e-02
   3.32230149e-04 3.71320033e-03 1.89597171e-03 1.00456960e-02
   7.15548499e-03 6.94211514e-04 6.88558631e-03 3.77961318e-03
   3.88768548e-03 7.50495959e-03 6.55948999e-04 4.45037941e-03
   4.78115119e-03 4.44184896e-03 1.66998189e-02 6.03915704e-03
   6.65190816e-03 2.06499477e-03 7.73012778e-03 6.47376478e-03
   1.77475100e-04 1.34187320e-03 8.00099224e-02 5.66751580e-04
   1.22392538e-03 9.92011279e-03 6.28449302e-03 2.03403863e-04
   1.27583928e-02 3.18567012e-03 2.58990331e-03 3.91247356e-03
   7.53842294e-03 5.54722967e-04 2.01797346e-03 3.17937648e-03
   3.23768356e-03 6.07656175e-03 6.85525872e-03 1.27646765e-02
   2.33250065e-03 2.41239881e-03 1.05668996e-02 6.92984904e-04
   2.62171519e-03 7.23609049e-03 8.75482243e-03 1.65828736e-04
   6.97508408e-03 1.32786413e-03 5.79932181e-04 4.84158844e-03
   7.76301231e-03 6.41999533e-03 8.28140136e-03 1.62535548e-01
   1.70447433e-03 4.09867009e-03 1.35688274e-03 9.91005218e-04
   6.69184420e-03 7.39650059e-05 1.88057981e-02 2.80676293e-04
   6.29946310e-03 4.18241229e-03 5.00293565e-04 4.16063285e-03
   6.11113850e-03 5.04654972e-03 4.62962165e-02 5.46655618e-03
   1.24040525e-02 7.53785484e-03 1.60452873e-01 6.91767177e-03
   6.40202640e-03 6.74411729e-02 9.05841496e-03 1.89852773e-03
   1.59963295e-02 1.19830540e-03 2.53790151e-03 9.94011387e-03
   7.72889005e-03 6.74501294e-03 8.01428966e-03 4.03701840e-03
   5.85757522e-03 4.02493356e-03 1.49493804e-03 5.03474940e-03
   7.59141054e-03 7.49797691e-05 3.94967711e-03 2.01802477e-01
   7.72588281e-03 4.21928149e-03 6.77831518e-03 5.85776543e-05
   2.20818445e-03 3.27866175e-04 8.36694241e-02 2.12822109e-02
   9.97344148e-04 2.50821514e-03 3.60206264e-04 8.30826443e-03
   4.88108769e-03 1.27887819e-02 6.34961622e-03 6.82562171e-03
   6.58342941e-03 1.74836069e-01 5.58866607e-03 4.98813996e-03
   7.27199065e-03 8.16115364e-03 1.59671868e-03 1.13269454e-02
   2.43967981e-03 6.88044261e-03 3.69570073e-04 2.38030203e-04
   4.92745172e-03 1.15374485e-02 8.36333493e-04 1.86534214e-03
   1.89675437e-03 2.52456460e-02 6.14274340e-03 7.97142759e-02
   8.62845685e-03 3.74277378e-03 5.94183942e-03 9.36851650e-03
   3.49408970e-03 4.35107900e-03 1.81831475e-02 6.20269077e-03
   7.59739056e-02 4.36625071e-03 1.98736112e-03 4.40363365e-05
   8.32356699e-03 8.18010129e-04 3.54226882e-04 7.45092984e-03
   6.73379609e-03 1.40740233e-03 4.08126693e-03 1.52037879e-02
   1.36653930e-02 4.36096831e-04 6.49677007e-04 7.44402315e-03
   3.87757388e-03 7.06645707e-03 8.87884002e-04 2.89904140e-03
   2.14794166e-02 7.07674259e-03 1.90678076e-03 4.41358890e-03
   6.02842832e-04 6.77435426e-03 3.61316628e-03 8.78922455e-03
   4.59596515e-03 6.58234640e-04 6.91058906e-03 4.44350624e-03
   1.40241906e-03 1.19485529e-02 3.15670273e-03 5.25052063e-02
   7.18023488e-03 3.52354371e-03 1.30110676e-03 1.68696104e-03
   4.28772073e-05 6.74229304e-05 1.38907868e-04 8.69406573e-03
   6.01782324e-03 1.10774382e-03 9.61186830e-03 1.21696675e-02
   1.62461936e-01 1.04305986e-02 6.46085618e-03 1.67838961e-01
   4.96865548e-02 3.66781726e-02 2.04320601e-03 7.47281453e-03
   8.41512519e-04 1.91544095e-04 7.67015992e-03 7.45170796e-03
   5.59068052e-03 4.13883384e-03 7.04554259e-04 2.45000236e-04
   5.38432505e-03 8.16061422e-02 2.97336630e-03 3.53288744e-03
   7.62485480e-03 8.80344212e-03 8.90988484e-03 5.49112097e-04
   1.12092691e-02 3.03747202e-03 5.01597952e-03 6.91808900e-03
   2.85680464e-04 3.15073936e-04 4.17599035e-03 6.51566591e-03
   3.52064334e-03 8.87479619e-05 5.34944376e-03 1.18009892e-04
   6.56859309e-04 8.95674981e-04 3.55682918e-03 1.13575533e-02
   3.42418323e-03 5.88895055e-04 1.52135780e-03 2.11094902e-03
   1.00286095e-03 6.51614228e-03 2.86204903e-03 9.12407413e-05]]],0.4011134,0.022480216,1.7109793e-05,0.011025534,0.015868333339691162,7.934187173843384,500
1.0754656,-2.5155206,0.07546562,0.6776436,7.204111,0.99999994,-7.204111,1.0,[[[6.71295123e-03 1.09746261e-02 2.45912913e-02 6.32780232e-03
   6.36255508e-03 1.94419663e-05 6.61579497e-06 3.01902764e-05
   6.38308795e-03 9.88410306e-07 1.01247642e-04 5.03353076e-04
   3.92079819e-03 1.06841316e-02 6.45959657e-03 3.23629230e-02
   7.07992027e-03 2.25389586e-03 2.08654252e-04 7.73779443e-03
   5.70618361e-03 6.33002992e-06 3.63587576e-04 2.35354601e-05
   2.30117676e-05 2.47958750e-02 6.48465566e-03 2.29671714e-05
   6.26685051e-03 9.41066755e-05 6.52308669e-03 1.63045572e-03
   1.19443955e-02 1.80701263e-05 6.74511958e-03 5.07448474e-03
   7.03314226e-03 6.28777081e-03 9.02520493e-04 6.07152702e-03
   6.56170677e-03 1.37529327e-02 1.63349711e-07 9.96877253e-03
   1.02610688e-03 2.58644652e-02 9.82299075e-03 2.45154519e-02
   1.73274670e-02 4.70781187e-03 1.05240068e-03 2.49079010e-03
   7.95291830e-03 6.10909658e-04 3.97074298e-04 2.71461499e-06
   6.68202003e-04 2.40872558e-02 6.72502769e-03 1.09779590e-03
   5.08294033e-05 4.71761638e-07 6.59888564e-03 6.32189199e-07
   2.19115312e-03 9.81680118e-04 1.61807166e-05 1.62233599e-04
   9.04559274e-05 1.03960565e-06 2.71113208e-07 6.60851644e-03
   4.83825534e-06 1.69403538e-05 2.42709895e-04 1.50187596e-04
   6.61800895e-03 1.76634694e-05 1.53189851e-02 3.57049808e-04
   1.91568233e-06 2.86144466e-04 1.98188983e-02 6.91582868e-03
   1.81189962e-02 2.84754697e-05 1.85867064e-02 6.19111629e-03
   5.72826946e-03 6.64657075e-03 6.10803487e-03 4.81962110e-04
   2.63170735e-03 1.64916685e-06 6.63978374e-03 9.88952252e-07
   6.48214249e-03 1.01771720e-05 5.91650140e-03 2.77355667e-07
   1.98373727e-05 4.65218136e-06 2.53649614e-05 3.65472920e-02
   1.45795038e-02 2.30037689e+00 6.53389934e-03 8.74172710e-03
   3.28626222e-04 1.74248144e-02 3.67243302e-08 1.16189744e-03
   4.14941060e-05 1.02034093e-04 9.66980679e-06 1.46229202e-02
   1.45321479e-03 1.54048065e-02 2.70208257e-04 2.58558374e-02
   1.55172365e-05 1.12984027e-03 5.26866410e-03 3.42578590e-02
   1.15117431e-02 1.66288484e-02 7.53314653e-03 3.00482218e-03
   1.64232478e-02 2.27707969e-05 3.72703862e-03 1.67214253e-03
   6.73299236e-03 5.99118741e-03 5.39497240e-04 1.88697837e-02
   1.79479681e-02 1.29598910e-02 6.46119937e-03 6.04401430e-05
   4.95359860e-03 5.99905802e-03 9.12814029e-03 1.08826375e-02
   3.76437492e-05 1.33790802e-02 1.85071584e-02 1.56648867e-02
   3.25234905e-02 1.48893732e-05 9.94074624e-03 3.03802174e-02
   6.22987607e-03 5.01831819e-05 1.83579046e-02 2.98006762e-05
   9.72445065e-04 9.65982152e-04 3.11138183e-02 3.53905978e-03
   5.63531788e-03 5.06895185e-06 1.45955738e-02 1.91954223e-06
   2.19572149e-03 5.18995104e-03 1.30469081e-04 1.74823534e-02
   1.82531998e-02 1.64472871e-02 4.59161151e-04 5.98570006e-03
   2.77612731e-03 3.23960630e-05 1.58043057e-02 1.36073781e-02
   6.34676893e-04 7.13209389e-03 6.00319821e-03 3.24340385e-06
   3.10672708e-02 6.13647001e-03 6.19391818e-03 5.32240258e-04
   5.30210673e-04 1.76384208e-06 6.37912471e-03 1.81134213e-02
   8.75847763e-06 1.95456096e-07 1.35685317e-04 6.49521593e-03
   6.57979166e-03 6.46034209e-03 3.41770775e-03 7.49986211e-04
   1.86399110e-02 1.96600389e-02 7.95192737e-03 2.04077023e-05
   3.80336814e-06 1.00097470e-02 2.26922985e-03 4.98285881e-05
   6.79493463e-03 6.40342850e-03 1.68303362e-04 6.51813857e-03
   4.24388068e-04 1.52596083e-04 3.95165844e-05 1.74026079e-02
   6.03991607e-03 1.73557305e-03 6.21881569e-03 3.92862858e-05
   2.20954046e-03 1.43315643e-02 6.08788105e-03 3.18457410e-02
   1.57595482e-02 1.08638178e-05 2.53082602e-03 1.81812447e-06
   4.62540612e-03 4.65003941e-05 2.02665059e-03 1.18101547e-02
   6.15231087e-03 2.90912464e-02 6.99902186e-04 5.25265292e-04
   2.79286596e-05 6.76369900e-03 1.16203353e-03 1.27844789e-04
   1.82843078e-02 2.06391604e-04 1.84060948e-03 1.47818457e-06
   1.86705031e-02 1.16905896e-02 4.63103002e-04 2.27930668e-05
   2.20101140e-03 4.20454016e-05 7.62085756e-03 6.75223302e-03
   1.98788598e-07 2.14770995e-02 2.57516606e-03 3.19787227e-02
   6.51018182e-03 3.16841039e-07 6.10189512e-03 1.47439097e-03]
  [6.25509955e-03 1.30887236e-02 2.37989258e-02 5.48168039e-03
   5.63447271e-03 3.35901132e-06 5.46427218e-05 7.90971608e-05
   5.56827057e-03 1.76340123e-07 1.66387807e-04 6.56682823e-04
   1.00734560e-02 1.03558330e-02 6.52107690e-03 2.99437251e-02
   6.37587020e-03 2.20545940e-03 7.61514457e-05 8.37991852e-03
   1.62968207e-02 4.99718954e-05 1.78576272e-04 2.89851941e-05
   7.87619592e-06 2.21737213e-02 6.10571215e-03 3.55792668e-06
   5.35676070e-03 1.04931511e-04 5.85310441e-03 1.41218305e-03
   1.04948431e-02 2.68255480e-05 6.35349005e-03 5.32237114e-03
   6.38481183e-03 5.42095816e-03 1.30576408e-03 5.91335632e-03
   5.89691801e-03 1.29476562e-02 3.31244951e-06 1.10728964e-02
   6.36312878e-04 3.26456204e-02 8.15884862e-03 2.08211374e-02
   1.48594361e-02 5.48438635e-03 1.27248396e-03 3.57958581e-03
   1.02705471e-02 5.72307617e-04 1.88797523e-04 2.57363972e-05
   7.69563892e-04 2.05656514e-02 6.10860856e-03 9.42818704e-04
   2.22239920e-04 2.33706743e-07 5.90775441e-03 6.05966306e-07
   7.28671020e-03 8.28248798e-04 1.32185714e-05 7.19721866e-05
   2.83772737e-04 7.06349965e-07 6.83723511e-06 6.13396661e-03
   4.15926552e-05 4.52265340e-06 5.67638490e-04 1.61661184e-04
   6.31928816e-03 2.40633362e-05 1.88328233e-02 6.11294061e-04
   1.93786163e-05 3.17916507e-04 1.74362287e-02 6.36284426e-03
   1.48172313e-02 8.35195533e-05 2.20121704e-02 6.01193868e-03
   5.68344817e-03 5.80933318e-03 5.61144296e-03 7.72427069e-04
   3.46237491e-03 1.37292318e-06 5.96912345e-03 6.26758606e-07
   5.64189162e-03 1.14309041e-05 5.77030424e-03 8.62315630e-07
   8.04805131e-06 2.08332722e-06 2.53913295e-05 3.65769938e-02
   1.48033770e-02 2.40528941e+00 5.99115575e-03 8.20548646e-03
   6.75279298e-04 1.44891068e-02 8.03268620e-07 7.57037837e-04
   1.66773898e-04 9.05545894e-05 4.98945064e-06 1.39785958e-02
   6.37709163e-04 2.49936897e-02 2.84456037e-04 2.24558953e-02
   6.49164504e-05 5.45772607e-04 7.14178337e-03 4.41586226e-02
   1.16842929e-02 1.51081504e-02 7.69720692e-03 1.74309581e-03
   1.58472788e-02 1.09161687e-04 3.69119644e-03 3.37432465e-03
   6.38610078e-03 5.48983179e-03 4.70456056e-04 1.62795056e-02
   1.94012411e-02 1.12531269e-02 6.01015892e-03 8.08613404e-05
   5.47086494e-03 5.88268181e-03 8.50514788e-03 1.18007986e-02
   4.31313674e-05 1.23963458e-02 1.89207233e-02 2.64131483e-02
   3.15300375e-02 5.16686032e-06 8.75859149e-03 3.22624110e-02
   5.72916958e-03 1.87079408e-04 1.89917814e-02 1.91711424e-05
   6.76241354e-04 4.89339640e-04 2.77445931e-02 3.66107468e-03
   5.52690681e-03 4.23738766e-06 1.46820629e-02 9.73982242e-06
   1.67101144e-03 4.13237279e-03 7.01636454e-05 1.48747349e-02
   1.92951262e-02 1.40678715e-02 4.75653243e-04 5.61594870e-03
   3.35721578e-03 1.73229753e-04 1.71040036e-02 1.02924537e-02
   2.38561464e-04 6.45820238e-03 5.16891992e-03 1.50684018e-05
   2.73964349e-02 5.28051425e-03 5.86836971e-03 1.29507156e-03
   2.80188746e-04 7.80778691e-07 5.67593705e-03 1.61314756e-02
   1.11918907e-05 6.38630218e-06 1.05098661e-04 5.74364187e-03
   5.75150410e-03 6.06130809e-03 3.28625459e-03 7.80914561e-04
   1.50821460e-02 1.52904727e-02 1.24554699e-02 4.58875729e-06
   1.90085609e-06 1.02949217e-02 2.93937256e-03 5.74244696e-05
   6.32945774e-03 5.60039375e-03 4.57337504e-04 5.79757476e-03
   8.96640762e-04 5.04210242e-04 3.54674630e-05 1.42807430e-02
   5.99662494e-03 9.46374203e-04 5.75654441e-03 1.92716980e-05
   2.77214125e-03 1.33064585e-02 5.20757772e-03 3.16045582e-02
   1.74082797e-02 6.64920444e-05 1.74935150e-03 9.98740461e-07
   3.49168759e-03 6.92985996e-05 1.15964329e-03 1.13479458e-02
   5.36694285e-03 3.05884574e-02 4.34338232e-04 5.67772076e-04
   1.41318715e-05 6.12045964e-03 5.88586845e-04 5.38228342e-05
   1.92033760e-02 1.87759055e-04 1.56950392e-03 1.14111833e-06
   1.88379120e-02 1.08762253e-02 1.14934857e-03 2.29405960e-05
   3.72885796e-03 8.70384538e-05 7.65564945e-03 6.12210343e-03
   3.54230156e-06 1.73898395e-02 1.41086767e-03 3.05200908e-02
   6.17989199e-03 1.49169367e-07 4.71336115e-03 1.36861939e-03]]],0.13365442,0.019316372,7.360584e-08,0.01569398,0.015323986,-0.0058564604,0.2195105,1.0752902,-2.509677,0.07529031,0.6718,7.545598,0.99999994,-7.545598,1.0,[[[1.63920894e-02 2.04012906e-07 2.21711993e-02 1.46025810e-02
   9.73720849e-03 1.14030659e-03 1.45748520e-04 5.52918948e-03
   5.79759059e-03 5.09848213e-03 1.09506953e-04 5.67121757e-03
   2.25531850e-02 1.42098707e-03 5.27501898e-03 1.43167563e-02
   5.09938764e-06 4.39090916e-04 6.44662464e-03 1.06156237e-01
   1.94093003e-03 9.89189175e-06 5.98995481e-03 2.05841311e-03
   1.02712051e-03 9.11216438e-02 5.36081754e-03 1.71766581e-03
   4.64623154e-04 2.52972730e-03 1.10302307e-03 6.02694089e-03
   2.47997399e-02 1.12908082e-02 9.78031094e-05 5.78595372e-03
   3.19219806e-04 4.13919974e-04 4.20190627e-04 2.01279949e-03
   1.27946405e-05 7.21396500e-05 1.82948995e-03 2.70117312e-06
   2.38075172e-05 1.50393890e-02 3.00178980e-03 6.64952386e-05
   4.32625675e-05 2.31220702e-06 2.93676229e-03 2.30946615e-02
   7.69894104e-04 6.57961471e-03 5.10328542e-03 9.01419669e-04
   5.35801286e-03 2.20086178e-04 2.25836914e-02 1.55238425e-02
   2.86020277e-05 1.27834342e-02 3.47733218e-03 3.18759021e-06
   6.55026501e-03 1.75964051e-05 5.55652427e-03 1.16942516e-02
   1.85333884e+00 1.49910087e-02 4.57315240e-03 5.94674284e-03
   3.31110505e-06 5.86311705e-03 4.65013254e-05 7.69986655e-05
   1.82308443e-02 5.62221836e-03 5.72030619e-03 1.25875194e-02
   2.05352530e-02 5.60336327e-03 8.07188735e-06 6.12238329e-03
   5.35490084e-03 8.32172100e-06 3.76210758e-03 9.79735795e-03
   9.08068847e-03 4.40912263e-05 5.51617378e-03 1.34602208e-02
   9.80241225e-07 2.06219591e-03 2.62995232e-02 5.30476518e-06
   2.49705026e-05 3.36741432e-05 7.80703776e-05 2.52149446e-04
   1.12951538e-02 6.15840359e-03 2.73380079e-04 1.57803744e-02
   2.88668852e-02 1.93005879e-04 8.67364812e-04 6.21999470e-06
   5.29558514e-04 1.95709467e-02 5.24642691e-03 5.52955829e-03
   3.82313228e-05 4.64282377e-04 5.42029087e-03 6.05142768e-03
   4.34170988e-06 2.95474194e-03 9.79611278e-02 6.28773030e-03
   1.02264300e-06 1.33181061e-06 9.33078176e-04 6.68634311e-05
   3.08817495e-02 5.98522092e-05 3.59466707e-04 1.56972855e-02
   2.11331528e-02 4.71088356e-07 3.02285678e-03 1.86947378e-04
   2.06747726e-02 4.86914162e-03 3.06266069e-04 2.46487614e-02
   1.65844860e-04 1.09240087e-02 1.10042412e-04 2.08617467e-03
   1.17498694e-03 1.56100316e-04 1.25939902e-02 1.43950041e-02
   5.21611400e-05 4.98135080e-07 3.30490060e-04 2.04928132e-04
   5.53300511e-03 1.68784769e-04 2.10448680e-03 1.76295137e-03
   2.40380783e-02 5.74983330e-03 1.58940926e-02 1.61923433e-03
   7.73747568e-04 5.32180956e-03 9.41755559e-07 1.32677351e-05
   1.92709194e-06 1.19585413e-02 1.79897888e-05 1.75139471e-03
   1.79676749e-02 5.88374073e-03 1.56438964e-05 3.42648236e-05
   4.09101107e-04 1.09035245e-05 5.57333324e-03 1.55118266e-02
   3.72268050e-03 6.04913294e-05 1.45563012e-04 9.24653286e-05
   4.51509655e-03 9.38780213e-05 2.28109839e-05 6.02547312e-03
   4.00982834e-02 5.56238738e-05 1.54258506e-02 6.30301749e-03
   1.00321919e-02 8.71637610e-07 1.59481587e-03 4.77824546e-03
   2.18459900e-06 8.18081317e-04 6.23028086e-07 8.88410897e-04
   5.93208009e-03 1.24290033e-04 9.83944665e-06 5.52648026e-03
   2.34401319e-02 1.72709953e-02 1.04757664e-05 1.46193895e-06
   1.99319832e-02 2.27041938e-03 5.44401724e-03 1.61207220e-06
   9.51762195e-06 9.43084992e-03 5.99244237e-03 1.39617324e-02
   1.21925441e-05 5.70911169e-03 1.57193176e-03 3.62418700e-06
   7.25955563e-03 1.37773408e-02 5.89540403e-04 7.40836514e-03
   6.15199422e-03 2.06812925e-04 2.31453829e-04 3.20303021e-03
   2.36686673e-02 6.01419900e-03 1.96001562e-03 2.33547459e-03
   6.10807352e-03 2.06513118e-06 1.66561268e-02 5.37838961e-04
   1.01739133e-03 6.48578350e-03 1.15236184e-02 8.42928770e-04
   1.06173893e-02 6.25687325e-03 4.02025616e-04 9.46791897e-06
   5.15773718e-04 5.64080244e-03 1.10166632e-02 1.46735545e-06
   5.69094857e-03 1.41477241e-04 1.28171532e-05 2.36977630e-05
   6.19059755e-03 9.34101918e-05 3.21837072e-03 7.81450141e-03
   5.95468190e-03 3.27625137e-04 5.44860214e-03 1.56804116e-03
   3.88127810e-04 4.95805917e-03 5.71521465e-03 5.19434595e-03]
  [1.87344085e-02 7.42660461e-07 2.16581076e-02 1.54800909e-02
   1.37000186e-02 1.08550908e-03 3.73629999e-04 5.14583942e-03
   5.43318456e-03 5.44531969e-03 1.78132803e-04 5.37925027e-03
   1.97800957e-02 2.90261232e-03 5.56755811e-03 1.95908248e-02
   2.23570532e-05 1.09613815e-03 6.19126251e-03 9.12382230e-02
   3.67318094e-03 1.36689841e-05 5.78018231e-03 3.76578048e-03
   1.08189043e-03 9.70885679e-02 5.34183579e-03 1.26362289e-03
   5.72488469e-04 2.15234468e-03 6.19293423e-04 5.98852569e-03
   2.37131827e-02 1.10501852e-02 2.31617320e-04 5.38793067e-03
   2.84685637e-04 5.99973777e-04 2.18273979e-03 2.83601647e-03
   2.57852262e-05 3.75938806e-04 1.05902622e-03 1.56457263e-05
   1.18551172e-04 1.24036726e-02 4.09241067e-03 8.03161092e-05
   3.45576627e-05 1.38513735e-06 1.52193382e-03 2.12188084e-02
   4.79150651e-04 8.14457424e-03 5.41829877e-03 1.73732382e-03
   4.94282227e-03 1.53526431e-04 2.01254711e-02 1.33513734e-02
   8.43295711e-05 2.49945596e-02 8.08276702e-03 3.48794993e-06
   9.56278481e-03 3.03650563e-06 5.16390987e-03 1.16650537e-02
   1.95396280e+00 1.91461872e-02 3.40942596e-03 5.76508557e-03
   3.98665861e-06 5.61393239e-03 4.63344513e-05 8.23324517e-05
   1.66263878e-02 5.37341461e-03 5.55748912e-03 1.51148150e-02
   2.07543373e-02 5.35360118e-03 2.84370180e-05 5.85880456e-03
   5.30730048e-03 3.29494942e-05 4.83744871e-03 9.04081389e-03
   9.21486132e-03 3.14788376e-05 5.35010360e-03 1.20080784e-02
   1.13300473e-06 1.46153173e-03 2.92128250e-02 4.61747986e-05
   1.48820516e-04 3.14128156e-05 3.22687847e-04 1.10318957e-04
   8.98854248e-03 6.03591418e-03 5.78903418e-04 1.36413900e-02
   2.83331145e-02 2.04285112e-04 1.81692396e-03 2.81742837e-06
   5.80501801e-04 2.09694523e-02 5.42281568e-03 5.15868980e-03
   2.23723138e-04 6.80208206e-04 5.26200328e-03 5.87605452e-03
   3.15248190e-06 2.60225590e-03 8.79880786e-02 6.03040587e-03
   3.70327797e-07 4.77097899e-07 6.36106939e-04 1.50694004e-05
   3.24699208e-02 1.90254490e-04 4.39858559e-04 1.35969408e-02
   2.12790761e-02 2.52882387e-07 2.64593167e-03 4.21410776e-04
   2.08428968e-02 5.00904396e-03 5.62451198e-04 2.80495677e-02
   1.87277896e-04 1.03446934e-02 1.24066399e-04 1.86102313e-03
   7.18895462e-04 1.80845484e-04 2.11616457e-02 1.32233566e-02
   1.75574460e-05 4.17353448e-07 3.37545091e-04 5.81828761e-04
   8.19778629e-03 7.86085220e-05 1.54390337e-03 3.05389822e-03
   2.40240861e-02 5.57012809e-03 1.32814301e-02 2.16247025e-03
   1.07798388e-03 5.33360476e-03 1.18453181e-05 3.14018485e-04
   1.58944658e-06 1.23321554e-02 6.01828515e-06 1.44216500e-03
   1.89875346e-02 6.01345068e-03 7.81353010e-05 1.47825413e-04
   5.10779035e-04 1.26404257e-06 5.74467331e-03 1.27397375e-02
   2.79919803e-03 5.71218479e-05 1.93487271e-04 3.13440716e-04
   3.11786518e-03 7.96623426e-05 2.48636443e-05 5.87115530e-03
   4.54328991e-02 9.83952996e-05 1.91728212e-02 6.17686333e-03
   8.54904857e-03 1.24479366e-05 1.40835484e-03 5.44924987e-03
   2.52407845e-05 1.50195067e-03 2.94667207e-05 8.48848140e-04
   5.67115797e-03 8.31525176e-05 3.56113787e-06 4.99453722e-03
   2.20635366e-02 2.04635207e-02 5.66576127e-05 3.98418160e-06
   2.05426551e-02 1.70211738e-03 5.04760351e-03 1.06359857e-06
   6.16191683e-05 9.30753350e-03 5.67790261e-03 1.03098247e-02
   4.88513942e-05 5.85940108e-03 1.45727478e-03 2.67658543e-05
   1.35890106e-02 1.98392719e-02 7.48942897e-04 5.90714393e-03
   5.99074364e-03 2.74459046e-04 4.62512602e-04 4.51361528e-03
   2.39400156e-02 5.84247382e-03 2.05273251e-03 3.33249196e-03
   5.92958601e-03 9.96405220e-07 1.87629070e-02 6.24945096e-04
   1.65270094e-03 8.37283861e-03 1.24717997e-02 9.82282218e-04
   9.16022435e-03 6.06485689e-03 5.22029062e-04 2.63724123e-05
   4.36481729e-04 5.26745757e-03 9.04754549e-03 1.54256995e-05
   5.28674526e-03 2.53906765e-04 1.27456815e-06 1.53622514e-05
   6.05237857e-03 1.18240881e-04 3.00187361e-03 7.64198089e-03
   5.76412259e-03 4.65554622e-04 5.52876759e-03 4.77853091e-03
   8.82395136e-04 4.78472235e-03 5.43085206e-03 5.42670954e-03]]],0.22658157,0.018610712,2.9371878e-07,0.013949418,0.0035078535079956057,9.688138246536255,1000
1.0717107,-2.3903599,0.0717108,0.5524829,9.5227785,0.99999994,-9.5227785,1.0,[[[1.50523882e-03 2.85593444e-03 6.29434171e-10 2.64053280e-03
   1.78874834e-05 1.00793875e-06 1.60430518e-05 3.23757343e-03
   2.79411115e-03 6.86418731e-03 8.09258781e-03 1.28503219e-04
   1.20780361e-03 6.93350273e-07 1.28094405e-06 1.06758080e-05
   7.25082771e-07 2.79512722e-03 2.90376949e-04 2.88429510e-05
   1.50227890e-04 3.34641982e-06 6.04648609e-03 5.57781377e-08
   2.78092246e-03 5.05023081e-07 1.12645796e-06 4.04406314e-10
   9.92251516e-05 5.64602576e-03 9.67134401e-05 6.72562420e-03
   1.17204431e-03 8.80564970e-04 4.14296977e-07 1.20258051e-07
   5.32913196e-04 1.62324045e-06 8.75850390e-07 8.02145280e-07
   3.52895632e-03 2.60255649e-03 1.86771445e-07 9.31935028e-06
   1.10574183e-05 2.79990869e-04 1.29140983e-06 2.65420554e-03
   3.86237539e-02 6.43830048e-04 2.79512489e-03 2.49333633e-03
   3.05648923e-01 2.98619340e-03 2.92460929e-04 2.01381863e-05
   1.64988043e-03 2.77515012e-03 8.96743557e-04 2.82518822e-03
   2.77972268e-03 8.02512950e-05 2.85222149e-03 2.53432989e-03
   2.90206587e-03 1.09287190e-04 2.88000703e-03 7.00237928e-03
   1.46839993e-05 2.89788772e-03 4.50951811e-05 2.93662748e-03
   1.25777001e-06 2.47241958e-04 8.42530513e-04 8.88330303e-03
   2.27214443e-03 3.29686122e-06 1.67315807e-06 6.54629758e-03
   2.82989605e-03 2.78577302e-03 1.44055039e-05 8.62816442e-03
   2.68711187e-06 2.93428404e-03 4.18835232e-04 9.54387542e-06
   1.25176943e-04 1.54911168e-03 6.74310187e-03 5.70679083e-03
   6.95927581e-03 4.22617915e-04 9.05238267e-07 9.75422636e-02
   9.80840158e-03 8.27629305e-03 1.87982465e-07 9.62217222e-04
   3.00423359e-03 1.40586192e-08 1.22153403e-06 7.85724539e-03
   7.44139031e-03 3.21384118e-06 7.88575783e-03 5.84078236e-07
   2.13843910e-03 4.31678160e-07 2.74448097e-03 3.69519876e-06
   1.21681555e-03 8.61994363e-03 2.97628995e-03 2.70065176e-03
   2.85626249e-03 4.42830333e-03 4.65497171e-04 1.09841560e-04
   6.46450045e-03 2.82940408e-03 8.44489900e-09 2.64735380e-03
   1.36239507e-07 6.53217256e-04 2.84465705e-03 1.31337205e-02
   9.15939768e-09 1.47463498e-03 1.36101628e-02 2.61977594e-03
   4.73583932e-05 3.78095501e-05 4.09084423e-05 1.43442423e-06
   2.51121330e-03 2.88927765e-03 2.32953835e-06 2.91131716e-03
   4.65230783e-03 1.00837635e-04 5.18930901e-04 1.30723303e-04
   2.95074750e-03 2.77244556e-03 1.26232204e-04 2.10456892e-05
   7.18849711e-04 4.22729552e-03 1.43948193e-06 3.71793533e-07
   8.53065842e-07 2.95362319e-03 1.71590455e-05 1.74430909e-03
   1.24271389e-03 6.69869303e-04 8.37181974e-03 5.35306111e-09
   3.28982878e-07 7.31565477e-03 4.51465370e-03 1.02595899e-04
   2.83748657e-03 1.50812212e-02 3.02667615e-07 2.88520567e-03
   2.75792445e-06 4.29180291e-05 2.82553514e-03 6.83365995e-03
   2.00959130e-06 9.12198052e-03 1.04454530e-05 1.14673639e-06
   7.72583808e-05 2.63713074e+00 2.75459583e-03 3.69389169e-03
   8.45141429e-03 3.31707764e-04 6.60715485e-03 1.15313676e-04
   5.09109043e-07 1.44166290e-04 7.31376484e-02 1.25718618e-08
   2.29802929e-04 2.67269835e-03 2.76494049e-03 1.54085006e-04
   3.32947202e-05 4.61902330e-03 2.38351458e-05 2.67598982e-04
   9.59257130e-03 2.14152897e-05 8.67054053e-03 2.69101630e-03
   1.81931009e-05 3.28975613e-03 2.86204391e-03 8.29621777e-03
   2.74999603e-03 2.72710924e-03 5.86875714e-04 2.76800012e-03
   2.17385095e-05 1.23758412e-07 4.82364214e-07 1.11117197e-06
   1.23382779e-05 1.92012749e-06 4.13551220e-08 1.36923476e-03
   2.96007539e-03 2.90858001e-03 2.76352512e-05 2.70087691e-03
   4.17901523e-04 2.58797361e-03 2.72922101e-03 1.07937472e-08
   2.59260893e+00 6.71146112e-03 1.30052795e-03 7.87138617e-07
   2.78625009e-03 8.97521829e-07 4.86968966e-05 8.42352770e-03
   3.31571846e-06 1.47597566e-02 2.76495330e-03 9.33732837e-03
   2.85812607e-03 2.52895104e-03 3.33827687e-03 5.63704176e-03
   4.31166822e-03 4.56835414e-06 1.18691556e-03 1.61167677e-07
   1.45451304e-06 2.82777054e-03 2.87731178e-03 4.23947640e-04
   1.61617280e-07 2.43872451e-03 2.71145609e-07 2.91506597e-03
   2.53065489e-03 8.38850767e-09 2.83080316e-03 4.98328358e-04]
  [1.54853938e-03 2.71878438e-03 5.38405232e-08 2.52831168e-03
   1.41875134e-04 5.69953045e-06 6.67586028e-06 2.72861589e-03
   3.81274219e-03 7.08941044e-03 7.91988056e-03 4.43212630e-05
   1.91269838e-03 2.82111188e-07 3.67448592e-07 4.41253724e-06
   5.07033860e-07 2.64804298e-03 2.51233199e-04 1.99454371e-05
   4.48217674e-04 1.58002549e-05 5.31324558e-03 1.10548535e-05
   2.66672601e-03 6.70695499e-08 5.96070004e-06 1.45372754e-08
   1.96092034e-04 5.54625597e-03 1.95884480e-04 7.21275946e-03
   6.13503624e-04 8.23212962e-04 4.53324446e-06 6.44389857e-08
   6.14993856e-04 2.30701448e-06 9.79444224e-08 3.97097523e-07
   2.94528692e-03 2.45338003e-03 2.60649529e-07 4.49380650e-06
   2.58942964e-06 5.71272918e-04 9.88721922e-07 2.51453044e-03
   4.85363640e-02 5.12680039e-04 1.89176120e-03 2.41545285e-03
   2.47893870e-01 2.56407401e-03 2.49581441e-04 1.99312144e-05
   1.33386347e-03 2.37307372e-03 8.18092434e-04 2.91199540e-03
   2.64142640e-03 7.26887592e-05 2.55555683e-03 2.06716591e-03
   2.62918044e-03 1.75862253e-04 2.70479219e-03 7.61088496e-03
   1.80873667e-05 2.68377853e-03 5.31938385e-05 2.55942158e-03
   5.63463209e-06 1.53147266e-04 1.18856470e-03 8.87231156e-03
   2.05622544e-03 2.76283822e-06 5.14152134e-06 7.31920451e-03
   2.67073931e-03 2.59796926e-03 2.47099779e-05 8.37711804e-03
   8.96820382e-07 2.64165457e-03 2.09145786e-04 5.78854588e-06
   1.76349553e-04 1.29382475e-03 6.47667656e-03 4.59432323e-03
   7.46502029e-03 2.14903324e-04 4.88796843e-07 1.05996102e-01
   1.14147812e-02 8.00693873e-03 6.87995936e-08 1.34506600e-03
   2.81175086e-03 2.98067326e-09 5.79632228e-07 5.91737451e-03
   6.31997595e-03 4.10660914e-06 7.81169953e-03 5.31914637e-08
   1.94135262e-03 7.20703213e-08 1.90161599e-03 1.74165859e-06
   1.37686345e-03 7.60753499e-03 2.79879640e-03 2.58911471e-03
   2.55589769e-03 5.33299847e-03 3.81385209e-04 6.78878205e-05
   4.35511209e-03 2.69543147e-03 1.95014806e-07 2.52748653e-03
   2.05108722e-06 2.41576505e-04 2.61274772e-03 1.20851099e-02
   1.16519439e-09 9.04127315e-04 1.21522443e-02 2.55228463e-03
   5.78825020e-05 3.10476862e-05 8.14632513e-05 7.49765036e-07
   2.49507814e-03 2.69007403e-03 2.70999112e-06 2.74836714e-03
   6.84568612e-03 1.35279508e-04 2.64225877e-04 1.33873909e-04
   2.76175514e-03 2.65824888e-03 1.06558953e-04 2.44789067e-06
   6.51510258e-04 4.01046406e-03 3.72217505e-06 3.87700254e-08
   3.88467100e-07 2.56589311e-03 1.16643942e-05 1.32458552e-03
   1.10936922e-03 3.44569649e-04 7.02488795e-03 2.63500965e-07
   3.79570179e-06 7.12447008e-03 3.79579887e-03 3.69402369e-05
   2.69335369e-03 1.31490538e-02 1.38964410e-07 2.69980170e-03
   1.95653161e-06 1.00126308e-04 2.64023640e-03 7.42604258e-03
   5.70732709e-07 8.75990931e-03 5.50922996e-05 1.24788021e-05
   2.76441540e-04 2.61731791e+00 2.65869452e-03 3.59695614e-03
   7.92356953e-03 5.48316631e-04 6.00337284e-03 5.34846949e-05
   3.95597397e-07 1.26758387e-04 7.40965009e-02 8.38845082e-09
   1.62485070e-04 2.57298630e-03 2.59969174e-03 2.38656081e-04
   9.40996033e-05 3.85544868e-03 1.14231389e-05 4.00841382e-04
   8.30553193e-03 3.90975292e-05 2.47372277e-02 2.57736375e-03
   1.57865052e-05 3.69946659e-03 2.71624210e-03 7.76960608e-03
   2.61279545e-03 2.57722638e-03 1.93594053e-04 2.62741931e-03
   2.13637668e-05 1.66591064e-06 5.05206401e-08 5.41425493e-07
   4.96124630e-06 1.08877123e-06 2.11315090e-08 1.57140731e-03
   2.77381181e-03 2.68777739e-03 2.62367230e-05 2.56450661e-03
   9.25005472e-04 2.52169883e-03 2.53282045e-03 2.38455367e-09
   2.55295801e+00 6.09592861e-03 1.35821383e-03 1.69014569e-07
   2.63297930e-03 5.42519103e-07 7.28512759e-06 8.04278534e-03
   1.38482974e-05 3.55342515e-02 2.61720433e-03 8.63958709e-03
   2.65850150e-03 2.43725814e-03 2.73992890e-03 5.15604671e-03
   5.25096897e-03 2.74114082e-05 8.52925470e-04 2.58550654e-06
   9.92665605e-07 1.42945454e-03 2.67869281e-03 3.78746015e-04
   7.97415964e-08 2.34941393e-03 1.67237019e-07 2.73209647e-03
   2.45395303e-03 1.73518555e-09 2.63497094e-03 2.23721596e-04]]],0.13369685,0.0070303353,1.1892353e-09,0.024433766,0.008317761,-0.007103909,0.15438186,1.0715083,-2.3836107,0.071508326,0.5457338,9.744016,0.99999994,-9.744016,1.0,[[[7.20997696e-06 1.01601336e-06 8.62341549e-05 4.38562856e-05
   3.45550507e-04 4.23499898e-07 5.62594447e-04 2.94534257e-03
   6.28327252e-03 1.04169294e-06 6.24593208e-03 3.73346498e-03
   7.21599008e-07 7.47415936e-03 1.99541822e-03 9.16341160e-05
   1.79729905e-04 4.66384481e-05 2.83628842e-03 5.70169417e-04
   2.28134195e-05 1.35335877e-05 2.37874617e-03 1.73292092e-09
   2.92248721e-03 1.43791927e-04 2.75268732e-03 4.95289965e-03
   3.10824509e-03 9.21137143e-06 3.18258535e-04 4.47389763e-03
   2.55196262e-03 6.22807406e-08 4.38614283e-03 2.04306678e-04
   2.71629891e-03 2.84137554e-03 2.64578080e-03 2.38733264e-07
   8.76922719e-03 8.82748794e-03 7.91975856e-03 2.99616484e-03
   3.08897665e-06 5.65695655e-06 3.96211180e-05 4.01300014e-07
   3.55029670e-07 5.53584732e-06 6.38103113e-04 4.05828274e-07
   7.03947762e-06 9.49073728e-06 5.64699294e-04 1.97792077e-03
   6.42483838e-06 4.65722882e-09 2.53293280e-07 1.19275746e-05
   8.34177074e-04 2.05425588e-09 1.53471478e-06 4.09522227e-06
   2.71680183e-03 2.74624163e-03 1.67277025e-03 8.79709236e-03
   2.98612122e-03 6.61931117e-04 2.85667833e-03 6.04166090e-03
   3.49094371e-08 3.61201002e-09 7.16273207e-04 3.31040355e-04
   2.89239455e-04 4.75889625e-04 3.69947611e-06 3.19389277e-04
   2.04833085e-03 1.15776538e-06 8.63475652e-05 3.87303211e-04
   2.52356983e-07 4.77994699e-03 1.95870688e-03 1.50564453e-02
   3.64873910e+00 7.91256782e-03 8.25591478e-03 1.00430152e-05
   2.27333949e-04 1.34928699e-03 3.01059731e-03 1.09468622e-03
   1.50598589e-05 1.39890043e-02 2.59450357e-03 1.73599162e-08
   2.92875012e-03 8.18439852e-03 3.57598356e-06 2.60510632e-07
   4.57281703e-06 5.08523255e-04 4.68225265e-03 6.57228520e-04
   6.51314404e-05 2.83018383e-03 4.63032676e-03 2.84300605e-03
   2.38444351e-04 8.00846610e-03 1.02760964e-07 6.00631665e-06
   2.66090066e-08 3.34765296e-04 2.98360013e-03 8.01282062e-04
   1.91532990e-06 2.75150547e-03 2.71765757e-02 9.87425330e-04
   5.19157480e-03 4.02528312e-05 6.46922808e-06 7.96871318e-05
   2.91430169e-05 2.95377849e-05 3.28660576e-07 1.72113221e-08
   8.55195540e-05 5.63066686e-04 8.22439732e-04 1.10401579e-07
   1.18622495e-07 2.94935051e-02 2.89983116e-03 1.08154339e-03
   3.45721924e-06 1.35248726e-07 2.90911365e-03 9.36791941e-04
   1.20292498e-06 2.80033238e-03 6.48319139e-04 1.89488975e-03
   9.18509811e-03 4.50446890e-07 3.03454720e-03 4.98614158e-04
   2.75311666e-03 3.89150046e-06 2.77271052e-03 1.02277910e-02
   2.48533837e-07 3.03166150e-03 2.58915289e-03 2.64663994e-03
   3.85890144e-06 1.86593879e-05 4.64087632e-03 4.52940306e-03
   1.53394154e-04 1.93334767e-04 9.25209560e-03 5.39988432e-05
   5.46964817e-04 2.39604851e-05 2.70807534e-03 2.88307527e-03
   4.60894313e-03 1.04975952e-05 3.03353556e-03 5.05615771e-02
   2.28485581e-03 6.35470590e-03 3.00743687e-03 3.06935166e-03
   5.67640309e-05 1.09258817e-05 4.12459933e-08 7.96218216e-03
   3.10011137e-06 7.67827791e-04 3.01177916e-03 1.09285791e-03
   9.31813920e-05 2.97871814e-03 3.05836997e-03 7.41806289e-04
   8.70381712e-07 2.03291734e-06 2.12151345e-08 4.22154693e-03
   8.32319260e-04 7.36206886e-04 3.08241532e-03 1.43277720e-02
   3.81523250e-06 1.25707160e-07 2.97296164e-03 2.79738894e-03
   9.09948285e-05 2.99903145e-03 3.01277847e-03 7.23194704e-09
   2.75028637e-03 2.82901401e-05 3.01352376e-03 2.84417602e-03
   3.89095902e-07 8.97508362e-05 4.75563138e-06 2.90371673e-07
   2.61123443e-08 8.64381902e-03 2.86736449e-05 2.83761665e-07
   3.14355921e-03 7.82581822e-09 8.31320176e-06 5.83834071e-06
   9.56126969e-05 4.68202688e-06 2.96590883e-07 3.00978048e-04
   3.98551165e-08 1.02991071e-04 1.24080444e-07 2.60070792e-05
   1.43689133e-04 5.21138645e-05 2.73815962e-03 3.95352440e-03
   2.95485486e-03 3.86853144e-03 1.34422183e-02 8.46721872e-04
   2.68879535e-06 3.43617401e-04 5.96734835e-03 8.19125390e-08
   1.30153501e-06 2.94824759e-03 6.91711064e-03 2.82280799e-03
   8.37479159e-03 4.03022580e-03 5.62043715e-06 2.98704277e-03
   5.70596487e-04 1.72311474e-07 4.45225509e-04 1.20404910e-03]
  [3.60600243e-05 3.05942308e-06 3.05172634e-05 1.16148229e-04
   4.31968801e-04 4.43038211e-08 2.85279588e-04 2.79473700e-03
   5.09989588e-03 4.80898734e-07 7.50024850e-03 2.75338069e-03
   1.50573294e-06 6.51220093e-03 2.18729232e-03 4.74228400e-05
   1.47113096e-04 2.57016691e-05 2.67539266e-03 1.33209815e-03
   1.10482375e-04 4.61210038e-06 2.87082978e-03 1.26842878e-07
   2.57666945e-03 4.41277261e-05 2.64877314e-03 3.04004899e-03
   2.76736054e-03 3.15617194e-06 2.66959920e-04 3.20681534e-03
   2.52944371e-03 2.60137814e-08 3.86876566e-03 9.44419808e-05
   2.63392017e-03 2.67421617e-03 2.55549699e-03 5.69368967e-06
   6.76515047e-03 8.96199793e-03 7.44701456e-03 2.74034915e-03
   2.15683576e-06 2.87172315e-06 3.06344809e-05 5.37160304e-06
   2.17254865e-06 4.10440043e-05 4.93850850e-04 5.19728292e-06
   1.76041226e-06 3.35005752e-05 8.76967679e-04 1.01662881e-03
   2.26804914e-05 1.23451915e-09 9.51937454e-06 6.50869015e-06
   7.38550210e-04 1.63794311e-07 5.66178812e-07 3.01900363e-05
   2.63224426e-03 2.64686160e-03 1.77245704e-03 6.93425490e-03
   2.73144967e-03 8.05712654e-04 2.61708954e-03 3.44994059e-03
   1.01858973e-07 1.61713814e-07 9.20912134e-04 1.97467438e-04
   3.94323259e-04 3.01510270e-04 1.80757559e-06 1.70460917e-04
   1.76363566e-03 7.87498720e-07 3.65720589e-05 9.71825386e-04
   9.21869105e-06 3.97744682e-03 6.17652945e-03 3.55467871e-02
   3.48203993e+00 8.88308976e-03 6.52416004e-03 6.58082399e-06
   1.68807150e-04 8.37205618e-04 2.70270905e-03 1.67990825e-03
   1.54001555e-05 1.26870079e-02 2.54857470e-03 4.12941237e-09
   2.76392908e-03 7.59995449e-03 1.97217269e-05 1.04856788e-07
   4.25215649e-06 2.49912177e-04 3.91422445e-03 3.16307822e-04
   1.07456239e-04 2.65848381e-03 4.07075090e-03 2.67856498e-03
   1.76089699e-04 5.96251618e-03 9.74646763e-09 2.91670813e-06
   2.46681253e-07 4.20969649e-04 2.55957618e-03 9.64112813e-04
   4.41109114e-06 2.60784826e-03 2.79175416e-02 9.37906851e-04
   3.23874294e-03 3.32639211e-05 6.57207147e-06 8.38577471e-05
   1.10350054e-04 7.48150560e-05 3.34731112e-07 5.23620969e-09
   7.79725378e-05 1.87777958e-04 7.45313999e-04 8.53182883e-07
   1.88745020e-08 3.38057168e-02 2.77140690e-03 2.13878928e-03
   3.09649295e-06 6.43348926e-07 2.72616372e-03 6.99741358e-04
   2.44361502e-07 2.68272590e-03 3.52623523e-04 2.05820613e-03
   9.32008866e-03 4.16405101e-07 2.83555547e-03 5.62588393e-04
   2.62303278e-03 6.38191693e-07 2.65969313e-03 1.21417241e-02
   5.51304993e-07 2.84771877e-03 2.43730890e-03 2.52729002e-03
   6.60159003e-07 9.10564413e-05 3.87953478e-03 2.99240695e-03
   1.28955013e-04 1.48812032e-04 6.92406530e-03 3.39317376e-05
   2.49543751e-04 7.24443089e-05 4.48762206e-03 2.77108513e-03
   4.07316303e-03 1.87892365e-05 2.81595066e-03 4.99100871e-02
   1.80003582e-03 7.16476468e-03 2.76525342e-03 2.84989038e-03
   2.20005732e-05 8.50437027e-06 2.35289676e-07 6.82590483e-03
   1.75394380e-05 2.88875279e-04 2.69128708e-03 2.15654564e-03
   2.08497353e-04 2.79478636e-03 2.84717022e-03 7.40384508e-04
   3.97875112e-07 6.95116842e-06 4.93227333e-07 4.04133322e-03
   1.09978451e-03 3.79736419e-04 2.82756751e-03 1.52441943e-02
   1.06679374e-06 3.95785662e-07 2.79427739e-03 2.62735621e-03
   3.26053305e-05 2.39987834e-03 2.76335003e-03 4.00598395e-07
   2.62900046e-03 1.49131938e-05 2.80380202e-03 2.69641494e-03
   2.80002951e-07 2.23863739e-04 3.40650331e-06 8.05229774e-07
   1.08141842e-08 6.92583900e-03 4.08636843e-05 2.13614157e-08
   2.72374414e-03 2.40151055e-09 1.20342593e-05 7.08444031e-06
   7.74873188e-05 3.15452553e-06 1.31140396e-07 1.36224684e-04
   3.51564111e-08 3.81336358e-05 6.92967603e-08 2.72927136e-05
   1.30370943e-04 4.53683060e-05 2.32690806e-03 3.25345900e-03
   2.76324851e-03 3.11902096e-03 1.28532834e-02 6.53734256e-04
   1.10737183e-05 1.53915826e-04 5.99629013e-03 2.70381229e-08
   8.23640676e-06 2.77332007e-03 7.78252305e-03 2.69351690e-03
   6.83923392e-03 3.60451848e-03 4.98332201e-06 2.82067060e-03
   2.94842990e-04 4.64809574e-07 2.66630319e-04 1.31395611e-03]]],0.041364785,0.005453768,2.255038e-09,0.01622087,0.0034249768257141114,11.400638103485107,1500
1.0715648,-2.3854976,0.07156493,0.54762065,9.824787,0.9999999,-9.824787,1.0,[[[9.04212520e-03 8.03482817e-06 3.31064916e+00 4.49130675e-05
   2.48011807e-03 3.45341541e-04 9.89692999e-05 3.82095954e-04
   4.49063443e-03 1.22655130e-08 2.03065621e-03 1.29297459e-02
   5.21854591e-03 7.00397473e-09 8.31606485e-06 7.72078749e-07
   3.92297748e-03 1.30685521e-07 2.69712857e-03 1.91252795e-04
   1.15542942e-04 5.30787325e-03 2.78116344e-03 1.57712554e-06
   1.08865796e-08 5.16172882e-09 2.39810278e-03 2.65219179e-03
   7.71819373e-07 1.81467399e-07 2.86761037e-09 1.14522446e-02
   2.49573658e-03 2.59591127e-03 2.43382715e-03 1.32986763e-02
   2.83069443e-03 2.97795259e-03 1.46678276e-05 4.76443162e-03
   2.37940368e-03 1.47782964e-09 1.07176624e-04 2.64261081e-03
   2.48629600e-03 4.13299631e-06 3.58343241e-05 3.01337894e-03
   5.62363702e-08 1.47065436e-02 2.21872725e-07 2.46541575e-03
   2.46230885e-03 2.95108720e-03 2.56619975e-03 1.45006823e-07
   9.29777889e-06 2.52421503e-03 2.39923852e-03 2.08475974e-08
   1.11217480e-02 1.31038309e-08 3.43449642e-08 1.07845142e-06
   2.07905900e-02 9.58651584e-03 8.47406852e-07 2.53019334e-06
   3.27767424e-07 2.37231888e-03 2.48760288e-03 3.41477920e-03
   3.86993042e-11 2.91149320e-07 1.70111974e-07 1.82960278e-07
   2.73492606e-03 1.15307184e-05 1.02718100e-02 3.85592612e-05
   2.95682298e-03 2.70206621e-03 9.06513833e-08 3.56300689e-07
   3.57849081e-03 7.12122186e-04 2.93896371e-03 9.31492679e-08
   3.82282073e-03 9.62732453e-03 2.05234496e-08 2.55501200e-03
   7.84409465e-04 9.29645248e-05 3.43253146e-06 2.66721891e-03
   1.67640690e-06 1.95917892e-06 1.86535914e-03 2.93537795e-07
   7.33728953e-08 2.38950577e-07 5.26862917e-03 5.98415539e-08
   2.75153358e-08 2.99953693e-03 1.90275023e-05 3.18276376e-04
   2.75901309e-03 8.88678333e-05 4.77379747e-03 4.33142617e-07
   1.87520911e-07 2.49620015e-03 2.42994563e-03 3.72260867e-04
   7.10522509e-05 2.91492790e-03 1.41300932e-02 1.04199555e-02
   2.55734427e-03 1.88003542e-04 3.93754496e-09 8.87879025e-07
   2.41283793e-03 2.82948115e-03 1.04139410e-07 3.02186387e-09
   2.81585217e-03 8.20704037e-04 1.62370242e-07 4.15243767e-03
   2.57128431e-03 2.46175169e-03 1.46222752e-04 4.32054230e-06
   2.71089515e-03 6.32582174e-04 5.15331654e-03 1.64034032e-06
   2.33910698e-03 5.42733166e-03 2.76491116e-03 3.98127770e-04
   1.27775036e-02 9.37058404e-03 3.64826596e-03 2.48800567e-03
   2.82773189e-03 2.97380681e-03 6.09147974e-05 2.71453988e-03
   2.47061742e-03 4.81803756e-04 1.42194005e-02 1.42830508e-02
   2.50878697e-03 2.78213038e-03 1.31659117e-02 3.41324997e-03
   2.96628894e-03 3.41281644e-04 2.01064249e-05 2.81332782e-03
   3.07794963e-03 6.97328551e-06 2.60599516e-03 1.22264311e-07
   9.81593296e-09 1.48582403e-04 1.20628066e-02 3.60576287e-02
   2.24558963e-03 1.07592181e-03 8.31500161e-03 2.53394013e-03
   2.83613428e-03 9.96817555e-03 3.91907571e-03 1.91780471e-03
   1.68646352e-07 3.67061159e-09 6.07169792e-03 2.61368393e-03
   1.60853519e-09 2.43041106e-03 1.30944393e-08 2.23276929e-05
   2.50627403e-03 1.18417209e-02 1.77503168e-03 2.42790603e-03
   1.61256230e-05 3.45969986e-09 2.95208069e-03 2.70974496e-03
   3.20310937e-05 2.88346759e-03 4.16565163e-05 1.69371894e-08
   2.56242789e-03 6.39746897e-03 2.73586158e-03 1.25962286e-03
   2.89312657e-03 2.82051996e-03 6.62609353e-04 5.30382991e-03
   1.02820843e-04 2.86297989e-03 1.40321357e-02 2.39830045e-03
   9.93815163e-08 8.93381809e-07 1.20793986e-04 1.71124867e-07
   1.28989806e-03 5.16371874e-05 1.45652995e-03 8.40409484e-05
   1.70569285e-04 7.88059272e-03 7.52263745e-08 2.04170433e-07
   2.11394564e-08 4.54318538e-08 4.01877696e-05 9.37758813e-08
   4.55223926e-05 2.49657431e-03 2.48700613e-03 2.85320589e-03
   1.42457625e-02 2.53920956e-03 1.34686809e-02 2.72106868e-03
   1.92192219e-05 6.45328419e-06 7.97461496e-07 2.94951582e-03
   7.18873052e-05 6.29762944e-05 6.91521773e-03 2.38177716e-03
   3.89008783e-05 4.57702640e-08 1.18957674e-02 2.65902519e-04
   2.91827928e-05 1.87276099e-02 4.30629868e-03 9.03171951e-07
   2.27992935e-03 2.72579631e-03 3.24536173e-04 1.15185594e-02]
  [9.33077093e-03 3.99582641e-05 3.39656234e+00 7.96160093e-05
   2.18944019e-03 3.16862192e-04 1.24176877e-04 2.92839017e-04
   4.76534292e-03 3.39535178e-09 2.77106417e-03 1.33990888e-02
   4.45677433e-03 6.32777519e-09 1.21592552e-06 3.71564653e-07
   2.97617097e-03 1.65657696e-06 2.56377598e-03 1.43295125e-04
   2.08134807e-04 4.40368010e-03 2.67798849e-03 1.07963169e-05
   1.26421829e-09 1.26695426e-07 2.38542724e-03 2.46018777e-03
   4.78721631e-06 9.90960203e-08 1.55084727e-08 1.22869378e-02
   2.25233054e-03 2.63524777e-03 2.56678835e-03 3.37279849e-02
   2.61132931e-03 2.61773472e-03 2.02772699e-05 2.66619236e-03
   2.52828095e-03 3.17160187e-10 2.86128015e-05 2.57555302e-03
   2.39514140e-03 9.54625762e-07 1.11309339e-04 2.57974165e-03
   2.32313724e-08 1.23275472e-02 9.75497159e-08 2.53738370e-03
   2.55312817e-03 2.65087746e-03 2.47456646e-03 8.87300402e-08
   3.00958145e-05 2.39633373e-03 2.49654916e-03 6.50518928e-09
   1.04780085e-02 2.89596329e-07 6.24336963e-07 7.79867548e-07
   5.56984656e-02 9.94995981e-03 2.82194674e-06 4.89800755e-07
   7.60715011e-08 2.22128723e-03 2.26928992e-03 2.41902214e-03
   1.25811284e-09 1.27044729e-07 2.00048476e-06 1.06889409e-07
   2.61369464e-03 5.50366130e-05 8.43053870e-03 1.29791792e-04
   2.59763817e-03 2.37421039e-03 7.92139247e-07 8.42958343e-08
   3.02069937e-03 4.28993924e-04 2.70414865e-03 1.33329047e-06
   3.20544140e-03 9.95127857e-03 5.71338035e-07 2.58686882e-03
   1.30733207e-03 1.14517497e-04 2.29099001e-07 2.51995400e-03
   1.62156721e-06 2.11292013e-06 2.07097945e-03 1.19476184e-07
   5.94912875e-09 2.15487353e-06 4.24520904e-03 3.74606344e-07
   1.53493602e-07 2.74411705e-03 5.35243271e-05 5.62011090e-04
   2.63037882e-03 5.23293238e-05 5.50766429e-03 2.89620857e-06
   1.14519352e-07 2.19096080e-03 2.55454192e-03 2.79437343e-04
   6.34364114e-05 2.49763927e-03 1.40451221e-02 7.34732440e-03
   2.24014511e-03 3.54861375e-04 2.71158673e-09 9.39781239e-06
   2.39730626e-03 2.60831392e-03 2.04403008e-07 7.96667621e-08
   2.57403729e-03 8.14909523e-04 7.90163028e-08 3.80867161e-03
   2.37951707e-03 2.25908775e-03 1.48290186e-04 4.12104237e-06
   2.49378709e-03 1.12014415e-03 5.52937342e-03 2.65590359e-07
   2.14035320e-03 5.92300948e-03 2.64653959e-03 5.55437116e-04
   3.31740826e-02 8.19622725e-03 4.46629478e-03 2.24324479e-03
   2.66467943e-03 2.58071092e-03 6.18786944e-05 2.40007625e-03
   2.15444458e-03 3.77624237e-04 1.31642129e-02 1.84409227e-02
   2.31038849e-03 2.44370243e-03 3.29058394e-02 2.91242031e-03
   2.30889558e-03 3.25339148e-04 4.32185225e-05 2.69612949e-03
   2.74263811e-03 4.97505107e-06 2.57878145e-03 2.72240648e-08
   2.49447311e-07 3.71334347e-04 1.07828425e-02 2.44858563e-02
   3.22443177e-03 1.28548674e-03 9.79827903e-03 2.26315414e-03
   2.70031230e-03 8.71574972e-03 3.56071745e-03 1.60404015e-03
   1.62692928e-07 1.12671972e-09 5.10604959e-03 2.50566052e-03
   4.56038087e-08 2.15575518e-03 1.38930289e-07 3.06489856e-05
   2.18594703e-03 1.00412993e-02 3.13626742e-03 2.45813141e-03
   8.55984581e-06 4.40016201e-08 2.53328262e-03 2.43439083e-03
   6.62806497e-06 2.63623707e-03 1.85925790e-04 8.15031740e-08
   2.32894532e-03 5.99668548e-03 2.63340445e-03 1.20537123e-03
   2.58629210e-03 2.66785291e-03 7.83484895e-04 4.48588515e-03
   2.21787472e-04 3.69748613e-03 3.38840783e-02 2.53173709e-03
   2.15758007e-08 7.29069768e-07 3.91024107e-04 6.70846987e-08
   1.52713561e-03 9.52712799e-05 1.58726855e-03 7.85382290e-05
   2.25711978e-04 6.59851963e-03 8.34814728e-07 1.00808933e-07
   3.01399751e-07 2.46988030e-09 9.07005087e-05 1.17480932e-08
   2.15202192e-04 2.53482210e-03 2.58653867e-03 2.57960963e-03
   1.36384862e-02 2.21609464e-03 3.40588763e-02 2.43674568e-03
   3.78302502e-05 2.89871077e-05 2.31650120e-06 2.57374090e-03
   2.99191652e-05 6.47548368e-05 4.84746369e-03 2.53499299e-03
   7.28251543e-05 5.23652091e-07 1.07328314e-02 2.89144140e-04
   6.80867452e-05 1.60859935e-02 3.59649886e-03 3.01521959e-06
   2.11113202e-03 2.37193867e-03 5.66883071e-04 1.08249113e-02]]],0.092950456,0.0073670154,1.0164072e-10,0.01605327,0.0075184973,-0.010470364,0.1298211,1.074308,-2.4769382,0.07430815,0.6390612,10.466774,0.9999999,-10.466774,1.0,[[[5.68232359e-03 4.54933196e-03 7.99813657e-04 1.28995786e-10
   5.85427333e-05 1.28967743e-02 8.01243441e-05 4.74298822e-08
   2.35185385e+00 7.77008384e-03 5.57053322e-03 2.02542542e-05
   3.59156729e-06 5.38181775e-05 8.59214924e-05 1.00151105e-02
   2.49481400e-05 2.69726820e-06 2.55202940e-06 6.04009395e-03
   6.69339346e-03 2.23390743e-05 1.69517225e-04 1.24021187e-06
   1.27360458e-04 1.87759208e-09 5.71342498e-05 7.04413033e-05
   1.18708955e-02 1.09294951e-02 6.00978639e-03 6.07643269e-05
   3.24602658e-03 2.91174604e-03 3.63821272e-07 2.73790385e-04
   3.10712997e-02 5.81230130e-03 5.59273467e-04 1.43494754e-06
   3.02637857e-03 3.97326971e-08 2.81131873e-03 7.52277847e-04
   8.87752831e-05 7.72681367e-03 8.81368578e-08 6.92870514e-03
   4.48340825e-06 2.85458076e-03 6.45947922e-03 2.28036652e-06
   7.52211956e-04 4.17277261e-06 3.81798941e-07 3.24645685e-03
   8.28260463e-03 1.08751381e-04 8.72158466e-07 1.84871431e-03
   3.30906198e-03 1.20591903e-06 3.49386738e-07 1.23922294e-02
   2.31938134e-03 2.15314594e-05 6.37569604e-03 5.19339286e-04
   1.57240836e-04 1.06961415e-04 9.60728433e-03 3.58725246e-03
   2.54286861e-04 2.97615910e-03 1.23804402e-05 8.87167459e-08
   4.49353224e-03 4.57421869e-08 2.01027615e-06 9.91017092e-04
   3.59720178e-03 1.64228868e-06 2.07548297e-07 1.99864800e-07
   2.37712939e-03 3.51828220e-03 1.08491350e-02 4.67293139e-05
   3.21259759e-02 3.47672100e-03 3.04772053e-03 1.15387671e-07
   3.30661214e-03 4.45131300e-04 7.05162417e-09 5.56980819e-03
   1.32436166e-02 1.28771642e-08 1.04148057e-07 6.61859985e-06
   2.10206723e-03 2.97031342e-03 1.00681298e-07 2.82994565e-03
   2.98195099e-03 5.45980061e-09 5.87720850e-09 3.38848517e-03
   2.81728874e-03 1.74588580e-02 1.16651868e-02 2.97085638e-03
   1.00216584e-03 5.50493223e-06 8.57538041e-09 5.19514258e-04
   3.73327493e-04 4.67350461e-08 8.74582984e-05 8.93495766e-08
   2.20866592e-09 2.93726986e-03 1.51960240e-08 6.96192228e-06
   1.26846032e-02 2.38453923e-03 1.67093062e-09 7.87933313e-05
   5.61730303e-05 2.27235564e-08 1.46206919e-04 1.47216939e-04
   1.38815523e-07 5.34860068e-04 3.20596155e-03 2.84179263e-10
   2.27424949e-02 8.23353766e-04 6.91622437e-04 2.48137599e-06
   7.14695500e-03 1.76412307e-08 9.89754405e-03 2.11381630e-04
   2.96351971e-07 1.29160389e-06 2.52087284e-05 3.60002305e-04
   3.27138459e-08 4.31018183e-03 5.92421833e-03 4.46338654e-02
   5.05728007e-04 1.03726250e-03 2.77655943e-07 1.15930350e-04
   3.72337513e-02 8.37529358e-03 5.38433742e-05 3.61799507e-10
   7.93253724e-03 2.66228302e-08 5.08957676e-08 1.38574550e-02
   5.86444559e-03 2.43201153e-04 3.13758983e-06 1.52095599e-04
   1.87495537e-02 7.89586338e-05 2.22465321e-02 2.85592303e-03
   3.25464225e+00 8.21663946e-08 3.40011297e-03 1.15539413e-02
   7.22186966e-03 3.31492699e-03 3.44785781e-06 2.97432137e-03
   3.53880855e-03 8.16660095e-03 9.81890207e-06 1.22740178e-03
   2.78972817e-04 3.09321031e-08 7.06741499e-10 2.37568361e-06
   1.13570970e-02 1.74817606e-03 4.32583143e-08 2.82994788e-05
   7.18872229e-07 3.71809438e-04 2.62277126e-06 9.82753227e-06
   9.46950138e-07 6.38678539e-05 1.49874808e-02 6.71263086e-03
   3.24607925e-07 1.78130191e-10 6.94893440e-03 9.38675657e-06
   2.84205959e-03 1.51235341e-07 1.46000460e-03 1.94001815e-09
   1.01384185e-02 1.43571924e-07 1.72362551e-02 1.56011897e-08
   1.32311052e-05 1.06583539e-05 1.93724954e-05 3.63543220e-02
   4.00640216e-04 2.89378711e-03 2.93178484e-03 9.63101138e-06
   8.93921498e-03 7.86932372e-03 2.10250655e-05 4.03801295e-07
   1.03825545e-02 1.49247601e-08 2.76030460e-03 2.19246672e-07
   3.91807267e-03 1.31754531e-03 7.50190593e-05 1.21320402e-02
   2.78267008e-03 4.98524960e-03 8.18671595e-07 1.41638480e-02
   2.86047230e-03 3.05219134e-03 8.85076687e-08 3.09242052e-03
   1.23511804e-02 3.16314661e-04 5.61389420e-03 1.33643048e-02
   3.41457016e-05 3.52104507e-06 3.62004228e-02 3.34564946e-03
   1.88572244e-06 3.37689114e-03 2.05214008e-07 6.22318476e-04
   2.94782670e-10 5.10850456e-03 2.38133052e-05 3.26415710e-03]
  [4.68569016e-03 3.94639000e-03 6.12699136e-04 8.78519302e-09
   7.81196795e-05 1.04294587e-02 1.60778553e-04 1.89039273e-08
   2.61516738e+00 6.59066951e-03 5.02194185e-03 3.89045927e-05
   3.40255451e-06 3.86440806e-05 1.01442580e-04 1.05660632e-02
   1.40378863e-04 3.32634556e-07 1.90442588e-05 5.50300861e-03
   6.59822393e-03 1.14880917e-04 2.98385887e-04 6.93123923e-07
   2.63818481e-04 1.21951558e-07 1.47889979e-04 7.46806836e-05
   1.64450202e-02 1.20587330e-02 4.55427775e-03 1.26482846e-04
   2.98625813e-03 2.49189651e-03 2.81317079e-06 2.63595488e-04
   2.67409049e-02 4.66581760e-03 4.25046572e-04 7.60202147e-06
   2.91864993e-03 6.21829628e-08 2.71051028e-03 8.72254430e-04
   5.82194298e-05 5.39158750e-03 3.53187026e-08 5.71505679e-03
   2.73831338e-05 2.68664164e-03 5.43507049e-03 2.79409250e-07
   6.41701627e-04 1.47433657e-05 1.64338758e-07 2.97351414e-03
   6.78976532e-03 2.51543097e-04 6.57140845e-07 2.54009617e-03
   2.98620923e-03 6.54622590e-06 7.71254136e-08 1.09641943e-02
   2.01046094e-03 6.72819397e-06 3.98375141e-03 6.72594237e-04
   1.29720225e-04 4.78079819e-05 6.52057352e-03 3.09574092e-03
   6.80052472e-05 2.53379112e-03 1.01593714e-05 5.67045211e-09
   4.15727170e-03 2.88798763e-08 1.97179156e-06 9.36355384e-04
   3.10838385e-03 2.62020149e-06 2.33999238e-08 3.06528740e-08
   1.89151941e-03 3.02773877e-03 8.89057480e-03 9.12512769e-05
   2.29760930e-02 2.91886227e-03 2.66417442e-03 9.09959226e-07
   3.01690376e-03 6.61951315e-04 9.85284854e-10 2.60274811e-03
   1.07444394e-02 2.56623537e-07 1.34364528e-08 7.36369793e-06
   2.14823545e-03 2.56191543e-03 6.51917587e-09 2.78270897e-03
   2.58339476e-03 1.20874716e-07 1.00812187e-07 2.98492331e-03
   2.49791727e-03 1.34039009e-02 1.06297778e-02 2.56766519e-03
   4.71735635e-04 1.41025521e-06 1.64570568e-09 4.39160300e-04
   3.86406988e-04 4.17303454e-08 6.55244366e-05 6.64589894e-09
   1.18063006e-07 4.80839470e-03 7.89595500e-09 1.86488123e-05
   1.02646276e-02 2.22600787e-03 4.03398452e-08 1.94604319e-04
   5.37992419e-05 1.71348680e-09 8.69735231e-05 2.32658800e-04
   1.11287488e-06 1.36226311e-03 3.02773016e-03 2.74911500e-11
   2.05049701e-02 7.78196438e-04 9.81513411e-04 9.96934614e-06
   5.59579907e-03 3.76053819e-08 1.26975290e-02 3.16552265e-04
   1.77153777e-06 1.70367184e-06 8.06501157e-06 2.89560965e-04
   5.50030421e-09 3.69644049e-03 2.62687635e-03 4.43510376e-02
   1.10465800e-03 8.09788355e-04 1.69538373e-06 2.12975399e-04
   3.10120005e-02 7.80095579e-03 1.43546626e-04 2.72282578e-11
   8.16127937e-03 1.02631121e-08 9.85736293e-09 1.16724223e-02
   5.78611810e-03 6.11253548e-04 1.43268089e-05 2.68747710e-04
   1.52992327e-02 2.23406372e-04 1.84463207e-02 2.46664183e-03
   3.36056781e+00 6.62229468e-07 3.14325816e-03 1.02865286e-02
   5.83543023e-03 3.27265309e-03 2.08422134e-05 2.53158575e-03
   3.11696879e-03 6.50719227e-03 5.58908823e-06 8.77739803e-04
   2.60393746e-04 5.40319661e-07 2.34818054e-10 1.61818866e-06
   1.35620898e-02 2.45989254e-03 2.55270844e-08 2.00429586e-05
   8.61363560e-07 4.00830380e-04 1.18414118e-05 3.16303954e-06
   1.69561048e-07 2.09818521e-04 1.23942550e-02 5.11592813e-03
   4.84322698e-07 1.33840404e-11 5.64420130e-03 2.45862848e-05
   2.46648886e-03 8.77544366e-08 6.98629068e-04 1.90171221e-07
   7.36641837e-03 1.64662436e-06 1.55259343e-02 5.12352205e-09
   4.01213074e-05 2.16771059e-05 1.63857658e-05 2.30643563e-02
   1.67211780e-04 2.55944394e-03 2.58338707e-03 2.64644095e-05
   6.34883763e-03 5.93944918e-03 8.52324956e-05 1.40737939e-07
   1.32222017e-02 6.62710079e-07 2.56371102e-03 5.41261258e-08
   3.30088497e-03 8.48130439e-04 8.69958967e-05 1.05322888e-02
   2.47529405e-03 3.55540705e-03 4.35071257e-07 1.15487780e-02
   2.77389959e-03 2.35640421e-03 5.41698686e-09 3.11751501e-03
   1.02753956e-02 1.20444129e-04 4.07321518e-03 1.09676085e-02
   6.11162177e-05 3.39665257e-06 2.73736268e-02 2.99116340e-03
   2.24643031e-06 3.91631993e-03 2.36245175e-08 6.27260190e-04
   1.58389408e-08 4.11250116e-03 7.73788634e-06 2.96525937e-03]]],0.094152525,0.009249422,1.0853864e-11,0.025963366,0.0034845190048217773,13.142932415008545,2000
1.0719509,-2.3983672,0.07195101,0.56049013,10.723688,0.9999999,-10.723688,1.0,[[[1.21000128e-04 2.55435327e-04 1.96525338e-03 3.70789990e-02
   1.27157129e-08 3.02469516e-07 6.27701011e-05 1.46341463e-05
   1.46179600e-03 1.08865998e-03 1.71053573e-03 1.77559207e-13
   1.15969679e-05 2.75683378e-05 1.68483600e-03 1.80576777e-03
   2.68126996e-07 1.60805008e-03 4.63617170e-07 1.82448199e-03
   5.08898665e-05 2.38898656e-06 1.58036943e-04 7.14556733e-03
   3.20988038e-05 1.83813821e-03 7.01757288e-03 1.78707892e-03
   1.85802940e-03 2.55991336e-06 1.96661428e-03 8.38641499e-05
   4.24387865e-03 7.92724267e-02 6.36989625e-07 1.69592153e-03
   9.92398491e-05 2.27851346e-02 1.23002009e-08 1.93135818e-07
   2.73755019e-10 9.03195996e-06 1.56654096e-07 1.69274642e-03
   4.84946945e-08 4.14571133e-08 6.05062014e-05 1.04826714e-09
   4.44104335e-05 6.49938406e-03 1.62307092e-03 2.70369824e-08
   3.73841772e-07 6.50721788e-02 8.95741105e-05 1.63893594e-04
   2.59367190e-03 1.19834240e-07 4.09933421e-08 1.26141235e-02
   8.12916696e-05 8.06752872e-03 2.93385547e-05 2.17989840e-08
   3.70019407e-05 1.60087540e-03 9.00192000e-03 1.41093093e-09
   1.27349836e-07 5.71308518e-03 1.67398364e-03 3.49708500e-07
   5.77023729e-06 1.68094866e-03 3.08938638e-07 1.66090811e-03
   1.71208486e-03 6.16374837e-06 7.35498557e-04 4.17779107e-03
   1.87341508e-03 1.65992842e-05 1.60113373e-03 1.57184713e-05
   1.95996131e-06 5.79690002e-03 1.68689131e-03 5.35831496e-04
   1.68948376e-03 7.65933935e-03 6.07353577e-04 1.80108717e-03
   4.56063344e-06 1.71975372e-03 9.79443430e-04 1.68422633e-03
   6.41729656e-08 5.59185399e-03 1.74082944e-03 1.03649189e-04
   2.08994516e-06 1.79172924e-03 1.72288681e-03 1.61317666e-03
   8.71088915e-03 9.97881216e-07 1.78022415e-03 1.51648506e-04
   7.90710697e-09 8.43146518e-06 5.46764786e-11 2.16469797e-03
   1.71762460e-03 1.62551424e-03 1.71619665e-03 4.35320979e-09
   7.26243656e-04 6.24628854e-04 6.76724594e-05 3.50960872e-05
   2.73167416e-06 6.64580657e-05 1.60618790e-03 1.64178177e-03
   6.91733556e-03 1.82926224e-03 4.21849312e-03 1.75073266e-03
   1.82443950e-02 7.77682103e-03 1.48489175e-06 2.17408754e-07
   1.66479801e-03 4.61881271e-08 1.65539316e-03 1.58852793e-03
   6.50349422e-04 1.04645625e-08 1.81295723e-03 1.68629456e-03
   4.34663113e-12 1.59779773e-03 3.62857468e-02 4.80333665e-06
   1.92305578e-07 1.67977228e-03 5.56015596e-03 1.69632107e-03
   4.28389200e-08 1.63474097e-03 1.58819269e-09 7.08382186e-06
   1.01431040e-03 9.29830596e-02 1.06649143e-08 1.88451352e-07
   8.15572217e-03 8.80708639e-03 1.39901218e-07 2.00366662e-06
   1.80934381e-04 1.67653861e-03 1.98923163e-02 7.82410894e-03
   9.09101299e-13 1.66217145e-03 6.36742334e-04 3.93045448e-05
   6.22249132e-08 3.36672668e-03 2.02544161e-05 3.47504003e-09
   1.65325054e-03 1.57277600e-03 1.68250315e-03 1.99372906e-07
   2.27456623e-10 1.06435509e-04 1.58312643e-04 1.79703492e-11
   6.89081014e-09 1.31744644e-04 3.50254518e-03 5.28469728e-03
   1.06908863e-06 3.85740417e-09 3.92261147e-02 4.77967224e-05
   6.84448378e-03 1.98942574e-09 1.46770859e-07 4.08409173e-13
   1.66610279e-03 6.96849311e-05 8.61311890e-03 1.73332068e-04
   5.69829578e-03 5.18819688e-05 1.53627491e-03 1.25247095e-06
   5.51675307e-03 1.32149289e-05 1.06228244e-08 1.68503460e-03
   4.45527912e-05 1.61522010e-03 4.18790735e-09 5.02500159e-04
   1.68096076e-03 1.70464849e-03 9.35373479e-04 1.49751440e-06
   2.16569705e-03 2.98160571e-03 3.45236117e-07 5.35704245e-08
   3.62765670e+00 1.52202672e-03 7.01463023e-07 2.51309102e-04
   2.54278863e-03 7.38132803e-04 1.10259047e-03 5.70133608e-03
   1.67518284e-03 1.81862305e-07 8.04186318e-09 6.78765820e-04
   2.40877711e-07 1.62602460e-03 1.82020290e-06 2.10125989e-07
   1.70622917e-03 3.77545195e-09 1.19396951e-02 2.61681436e-07
   3.16616386e-08 1.65234937e-03 1.75692409e-03 8.05754352e-10
   1.78712959e-04 5.28337580e-07 1.73695863e-03 4.18391355e-05
   1.72202440e-03 1.96587629e-04 1.65426242e-03 1.77779782e-03
   8.22266936e-03 4.19589691e-03 3.06732999e-03 1.24204433e-07
   1.29078673e-02 5.08312015e-09 1.15625802e-07 9.18042287e-03]
  [1.57657734e-04 4.86549456e-04 1.55954401e-03 3.91246602e-02
   1.87699143e-07 1.22559612e-07 5.63636859e-05 4.35627007e-05
   1.57073967e-03 1.17068167e-03 1.84374570e-03 2.30806083e-10
   1.36981964e-06 1.37198644e-04 1.79814501e-03 1.86436041e-03
   2.66565189e-06 1.77352026e-03 3.22184633e-06 1.92483584e-03
   6.32917508e-05 1.81395008e-05 1.77059293e-04 7.03472830e-03
   2.61241494e-05 9.94498841e-04 8.66567716e-03 1.84341834e-03
   1.90130156e-03 1.94849986e-06 2.09176191e-03 9.68182067e-05
   3.82165844e-03 8.17091092e-02 5.12846157e-07 1.81925355e-03
   1.07026659e-04 7.38146808e-03 1.91055094e-07 9.49410222e-08
   9.85005144e-09 6.46400485e-06 5.33085995e-07 1.76557014e-03
   8.63457839e-09 2.28641817e-08 1.01421843e-04 2.78841661e-08
   8.82901368e-05 6.85068173e-03 1.72788196e-03 2.23455565e-09
   1.30448313e-07 6.44352511e-02 4.94660526e-05 1.29879903e-04
   3.22090462e-03 1.25113857e-08 1.94085530e-08 1.02470014e-02
   8.88630966e-05 7.40902778e-03 1.97749941e-05 1.34021803e-07
   1.31918932e-04 1.86812866e-03 6.30196417e-03 5.54049713e-08
   7.11231962e-08 5.04985172e-03 1.75810233e-03 3.18084943e-07
   9.20195532e-07 1.77142909e-03 3.21265247e-07 1.74439338e-03
   1.78791711e-03 1.30319286e-05 8.78927240e-04 4.03955299e-03
   1.99072016e-03 1.31153192e-05 1.78047002e-03 8.95326048e-06
   1.51863708e-06 6.70469366e-03 1.80755346e-03 5.66543895e-04
   1.75937114e-03 5.26799215e-03 1.05770084e-03 1.90012553e-03
   9.94312268e-06 1.81315013e-03 1.30456395e-03 1.74210535e-03
   4.07761789e-08 5.93906920e-03 1.84205989e-03 1.19255033e-04
   3.98406564e-06 1.89434062e-03 1.88509712e-03 1.79569726e-03
   1.08325751e-02 5.82690518e-07 1.84389332e-03 6.93388749e-04
   8.90102037e-09 1.01331580e-05 8.74274875e-09 2.37606792e-03
   1.85334333e-03 1.70688913e-03 1.76787691e-03 3.06352788e-09
   8.10497266e-04 6.45221910e-04 1.39225507e-04 4.68277358e-05
   1.86787258e-06 1.02383718e-04 1.72262511e-03 1.87891012e-03
   6.53346907e-03 1.87209982e-03 4.04650299e-03 1.87026535e-03
   1.07794348e-02 7.28888577e-03 9.71699365e-07 1.57643058e-07
   1.80998142e-03 3.51478889e-07 1.84035674e-03 1.79730961e-03
   4.98239649e-04 3.08260951e-07 1.90173800e-03 1.77463179e-03
   6.20397733e-10 1.77910400e-03 3.70821245e-02 3.02633748e-06
   1.07997295e-07 1.72376377e-03 7.33726332e-03 1.79960683e-03
   2.72707528e-08 1.82363775e-03 4.38702026e-11 7.52044252e-06
   1.11052627e-03 4.67963554e-02 3.28507710e-08 5.92214178e-07
   7.80565524e-03 8.77443049e-03 1.33537310e-06 1.71730085e-06
   3.49538459e-04 1.83280837e-03 1.27025601e-02 8.77677929e-03
   1.44199791e-10 1.78603467e-03 4.54787776e-04 1.50549204e-05
   1.17090065e-06 3.64764687e-03 7.22850455e-05 5.59134712e-08
   1.74695195e-03 1.80560991e-03 1.77027378e-03 3.38694690e-07
   3.00457104e-09 9.68108798e-05 1.09047061e-04 3.73885900e-09
   1.01879778e-07 8.10889906e-05 3.33094294e-03 5.82918851e-03
   1.73781063e-05 7.62707018e-08 3.99629660e-02 4.15948889e-05
   5.15100919e-03 8.35483718e-08 1.27893287e-07 4.17762935e-10
   1.72577368e-03 1.01605612e-04 9.11748596e-03 1.11339286e-04
   6.51026424e-03 1.03970015e-04 2.67678197e-03 9.75033254e-06
   5.56840841e-03 1.27275125e-05 2.57281641e-07 1.82132947e-03
   3.92128313e-05 1.76170864e-03 1.16709515e-07 1.12687447e-03
   1.80966104e-03 1.79873605e-03 8.39216169e-04 5.71600413e-06
   2.33888254e-03 3.30230268e-03 2.58170871e-07 6.85064833e-07
   3.57883143e+00 1.68873684e-03 1.21923267e-06 5.53151709e-04
   2.63105100e-03 9.22306674e-04 9.67468135e-04 5.90341864e-03
   1.75105408e-03 3.93113311e-07 3.88574861e-08 7.58843962e-04
   1.76173012e-06 1.78108341e-03 5.98880661e-07 2.12619784e-06
   1.79718493e-03 6.57521042e-08 1.34451278e-02 2.89966238e-07
   2.06291126e-08 1.73261156e-03 1.94241793e-03 2.99901082e-08
   1.83019074e-04 1.68368587e-07 1.85210560e-03 3.54542244e-05
   1.83794962e-03 1.40913107e-04 1.75816112e-03 1.84539007e-03
   5.48488507e-03 3.39969550e-03 3.17522092e-03 1.39507357e-08
   1.25692971e-02 1.09781551e-09 6.27383789e-09 1.01605626e-02]]],0.053552423,0.005200995,1.6756067e-13,0.017037334,0.009281085,-0.015581229,0.18391109,1.07191,-2.3970017,0.07191005,0.55912465,11.360976,0.99999994,-11.360976,1.0,[[[2.27823239e-05 1.33738329e-04 3.23939616e-06 8.22848082e-03
   1.53326441e-03 2.06982810e-03 1.73793361e-03 7.31066009e-03
   1.40140604e-04 1.62143749e-07 4.48462379e-05 2.21667142e-04
   2.07083958e-05 6.10804139e-03 1.39295412e-06 1.07947903e-06
   4.39343665e-07 1.95861957e-03 7.25744432e-03 9.34292912e-05
   3.84024756e-10 1.24677172e-04 1.70566782e-03 7.03611085e-03
   2.20993956e-04 2.05891865e-07 1.18254725e-07 2.91231740e-03
   2.10818439e-06 3.51390872e-09 3.93321738e-02 6.91584719e-05
   6.34980267e-07 5.76929304e-09 3.59821262e-09 1.03229504e-04
   3.36640817e-03 2.18813057e-07 3.12408986e-07 2.27757817e-04
   1.58057106e-03 3.56128672e-03 7.83313153e-05 4.85520175e-08
   3.95612745e-03 1.72179498e-05 1.42184699e-05 6.26137535e-07
   8.41297078e-05 8.08233675e-03 8.53908062e-03 3.61038283e-10
   2.37218428e-05 6.95671019e-07 9.02373431e-05 1.06283126e-03
   4.04014190e-06 1.23573600e-05 1.78136036e-03 1.05917193e-02
   6.10129064e-06 4.57592023e-06 2.94845267e-06 8.51504132e-03
   1.78879837e-03 5.88875082e-07 1.07527546e-06 3.24280816e-03
   3.26492682e-07 1.61428622e-03 3.91008643e-06 3.05155083e-03
   4.71053965e-04 1.23531921e-02 6.31479896e-04 3.16814112e-05
   1.80564751e-03 2.09509426e-06 1.19921739e-09 2.64616920e-05
   6.21978659e-03 3.07183950e-06 2.30404641e-03 1.85665546e-03
   1.66605785e-03 9.90932336e-10 7.32247485e-03 1.73241401e-03
   1.30892175e-07 1.63367181e-03 1.51099442e-07 6.34957058e-03
   3.70655775e+00 7.11859809e-03 1.51937216e-04 4.00871187e-07
   4.29468571e-07 1.18030095e-02 1.82659191e-03 3.02940258e-04
   1.74298137e-02 8.88200811e-05 1.30173095e-04 4.06717462e-03
   1.61543384e-03 1.24085982e-05 1.66250183e-03 1.28743022e-06
   7.26303784e-03 1.67724455e-03 2.82373458e-05 1.82131555e-06
   2.51252352e-10 1.65170257e-03 1.64965994e-03 1.60422327e-03
   1.98510588e-05 1.68015777e-05 1.74888794e-03 1.78687216e-03
   1.72176922e-03 1.76507980e-03 1.22615916e-03 1.10095921e-09
   1.87813223e-03 3.07932193e-03 1.98928942e-03 2.43854998e-08
   1.59998087e-03 3.61161144e-03 3.42717317e-06 6.04762240e-09
   7.35025924e-06 1.62550202e-03 1.75314199e-08 1.45425042e-06
   7.14035696e-06 3.54673830e-03 1.74302573e-03 6.23455131e-03
   7.26378942e-03 7.33803404e-07 5.47652945e-08 1.65806000e-06
   2.75906150e-05 7.97655417e-08 6.27090822e-06 3.61621511e-09
   7.84847327e-03 1.62234996e-03 3.21637955e-03 4.91601968e-05
   4.04971316e-02 4.11579492e-07 1.92990046e-04 2.62261194e-04
   2.92666993e-08 3.37017553e-07 1.59889716e-03 6.66480651e-03
   3.18111197e-11 4.54660645e-03 5.82661123e-05 7.98142992e-06
   1.65982929e-03 4.86520366e-06 3.09650507e-03 8.48555670e-10
   1.89569576e-07 8.08344260e-02 1.64185534e-03 8.33677426e-02
   1.16844114e-06 8.74111166e-08 6.89891340e-06 6.27083949e-08
   1.76766387e-03 1.59527769e-03 2.00645719e-02 3.17152683e-03
   8.09660181e-03 5.64264546e-09 1.61763801e-05 1.60409336e-03
   4.12841178e-02 2.63479633e-05 6.55761032e-05 2.11588329e-08
   1.75842096e-03 5.34149622e-05 1.62332071e-06 7.39063398e-05
   1.58574789e-08 1.61748740e-03 1.13436545e-06 1.36379845e-06
   5.71239460e-03 1.74773451e-09 3.77586240e-10 6.91936508e-09
   1.78526039e-03 5.02275377e-09 1.92765448e-09 3.39938788e-06
   9.50003198e-07 1.72771816e-03 1.32538080e-02 8.67024028e-06
   1.02134468e-03 3.20543745e-03 1.24514312e-03 1.30430359e-04
   1.65573317e-06 1.00279820e-07 4.41697752e-03 2.21610165e-07
   7.64340857e-09 3.20739648e-03 1.71265838e-05 1.16717499e-02
   7.62777841e-09 1.48524501e-04 1.69327098e-03 2.00952090e-05
   5.82261244e-04 8.55477178e-04 7.00280024e-03 1.73712161e-03
   1.13033813e-04 2.87310244e-03 7.67268706e-03 1.40022696e-03
   1.19864308e-06 2.95850805e-06 2.85336422e-03 1.41948606e-10
   3.54578733e+00 5.98513568e-03 1.22713635e-08 9.37140001e-08
   1.04623759e-07 1.74781808e-03 3.34120844e-03 7.98861554e-04
   4.82762168e-08 1.63872808e-03 1.61257468e-03 7.14385929e-03
   6.94361768e-09 2.38317662e-04 2.40796758e-03 3.14628589e-03
   6.74352515e-03 6.01158151e-03 5.38363401e-03 1.33141773e-04]
  [2.41194757e-05 1.94439839e-04 8.97411439e-07 7.74400029e-03
   1.72083348e-03 3.10466648e-03 1.82460365e-03 6.95896149e-03
   4.26919869e-05 3.70182889e-08 5.63809954e-05 1.67031845e-04
   4.01605439e-06 5.56450710e-03 4.27420758e-07 8.47193064e-07
   1.72672330e-07 2.11472181e-03 6.76006824e-03 7.51709958e-05
   1.31039721e-08 3.28019014e-05 1.80659234e-03 7.68819312e-03
   1.38894742e-04 7.84989496e-09 9.25958602e-07 2.93699862e-03
   9.28336306e-07 1.37737477e-09 3.99471484e-02 1.63955556e-04
   7.86029068e-06 2.38691511e-09 1.24477118e-09 1.19761782e-04
   3.53579177e-03 7.69059341e-08 2.72179614e-06 4.38386312e-04
   1.72772061e-03 2.61153490e-03 2.25901385e-05 4.42688686e-09
   3.38154822e-03 7.20708567e-06 1.07643900e-05 2.09313626e-07
   1.70376134e-05 7.87078869e-03 9.91912931e-03 1.32893447e-08
   3.43998977e-06 2.33137712e-06 7.51904590e-05 1.37709291e-03
   1.44703836e-05 1.25003035e-05 1.86821341e-03 1.11863688e-02
   5.45314788e-06 3.15254329e-05 3.59589012e-06 1.00229168e-02
   1.36855093e-03 2.17805329e-08 1.62278099e-07 3.50180198e-03
   3.87882352e-07 1.71602436e-03 2.62195135e-06 3.32369632e-03
   5.14135521e-04 1.20179877e-02 6.90762943e-04 2.32617804e-05
   1.87540706e-03 1.93313808e-05 3.59694705e-11 8.41320161e-06
   5.83262416e-03 2.00164050e-06 2.10870733e-03 1.91448547e-03
   1.74803974e-03 3.51078846e-08 7.01712864e-03 1.77483878e-03
   2.17721237e-08 1.71421119e-03 9.95983527e-08 5.79439430e-03
   3.67757440e+00 6.60793576e-03 8.39546046e-05 2.25919905e-08
   1.42524115e-07 1.16096539e-02 1.89468509e-03 3.41699459e-04
   1.48320021e-02 3.17720733e-05 1.25824576e-04 3.18434625e-03
   1.77042373e-03 3.34920128e-06 1.77207915e-03 1.15448950e-06
   6.80703763e-03 1.74507464e-03 1.59627161e-05 1.11390409e-05
   1.68209340e-08 1.73026149e-03 1.74464716e-03 1.79842429e-03
   8.49876524e-05 7.65390650e-05 1.82148127e-03 1.87110354e-03
   1.79473043e-03 1.82776921e-03 1.47408363e-03 2.78728578e-08
   7.57378002e-04 3.14437924e-03 2.54788483e-03 1.97321501e-08
   1.71617477e-03 3.99336079e-03 3.38924337e-06 1.66460545e-09
   1.28815927e-05 1.84218888e-03 7.92797561e-09 6.80977962e-07
   4.46271724e-06 3.04801716e-03 1.84469984e-03 6.29249169e-03
   5.49100619e-03 3.24499183e-06 1.00849515e-08 9.02085230e-06
   7.01611571e-05 3.77603460e-09 6.96801044e-06 7.17699109e-08
   7.59366527e-03 1.72926707e-03 2.42593372e-03 5.95323036e-05
   3.95068265e-02 1.18002696e-07 1.48192092e-04 1.90883628e-04
   1.51088086e-09 1.26078689e-07 1.82835909e-03 6.58559939e-03
   4.40307746e-09 6.89437427e-03 1.43321435e-04 5.82200710e-06
   1.75797741e-03 3.09114944e-06 3.27266613e-03 4.06463343e-08
   2.61545637e-07 8.52865204e-02 1.69932377e-03 8.22155327e-02
   7.23375297e-06 1.65606711e-08 4.59464136e-05 4.77168243e-08
   1.89398823e-03 1.75554247e-03 1.72613170e-02 3.48362769e-03
   9.75767709e-03 1.91337124e-09 4.40868416e-06 1.68616406e-03
   4.03338447e-02 7.00035089e-05 1.01706559e-04 2.18306422e-08
   1.91071362e-03 1.26062208e-04 3.01296382e-07 1.81795127e-04
   2.79718705e-07 1.68856129e-03 1.07297456e-05 8.44530405e-07
   5.99116553e-03 5.67172487e-09 2.42227411e-08 5.82430060e-09
   1.79326104e-03 1.58788367e-07 4.78836304e-10 1.44861033e-05
   6.73485147e-07 1.80718070e-03 1.31082144e-02 6.55223448e-06
   8.88411305e-04 2.33489019e-03 1.55166606e-03 2.50467565e-04
   1.19391018e-07 1.20331288e-06 6.59438455e-03 2.48863586e-07
   3.69077480e-09 3.23584443e-03 1.90208011e-05 1.24970749e-02
   6.65305100e-09 1.23704711e-04 1.89430511e-03 1.84454675e-05
   1.25115400e-03 5.09764766e-04 6.77080825e-03 1.80238823e-03
   9.89729597e-05 1.55329681e-03 7.49480305e-03 1.57120917e-03
   7.20970831e-07 1.38701898e-05 2.06481596e-03 9.79294690e-09
   3.46244311e+00 7.83847831e-03 1.91626199e-07 1.81500894e-08
   6.48541061e-07 1.79706723e-03 3.52910603e-03 7.43768935e-04
   3.89134271e-07 1.78996974e-03 1.73339841e-03 5.55221457e-03
   2.48781532e-07 3.50290851e-04 2.51729554e-03 3.43775144e-03
   6.34739408e-03 5.67004364e-03 5.65136690e-03 1.76668429e-04]]],0.05486637,0.005577009,5.2464262e-11,0.030982016,0.0035292015075683593,14.907556772232056,2500
1.0707749,-2.3591669,0.070775,0.5212897,12.7193165,0.9999999,-12.7193165,1.0,[[[6.54730228e-11 2.34418549e-03 5.49118813e-05 6.48018997e-03
   1.04935657e-06 1.06034707e-02 6.17628172e-03 2.50927901e-09
   2.75985603e-05 2.00181222e-03 2.41323654e-03 4.33315307e-07
   1.59536384e-07 6.80667972e-06 6.46015396e-03 4.95501183e-07
   6.34804717e-04 1.32970672e-06 1.13209744e-07 2.31240201e-03
   1.36815086e-02 9.78698456e-09 2.90731972e-08 3.49029347e-06
   1.98628264e-03 7.79838592e-06 1.04996599e-01 3.40884760e-08
   7.29302992e-04 2.29470942e-07 2.06758152e-03 6.99310405e-08
   5.23601180e-08 4.34523332e-04 5.40834399e-08 1.45161607e-08
   3.47473212e-02 3.61475742e-07 5.29155368e-03 8.38613869e-06
   1.92077110e-07 3.80946062e-06 1.24486606e-03 3.27883981e-07
   3.64272366e-03 1.88192702e-03 2.14675558e-03 4.96778330e-06
   3.92364198e-03 6.93507260e-03 1.51230444e-04 3.44714479e-09
   1.06511813e-07 6.67304685e-03 3.50038192e-07 5.82868892e-11
   7.87199355e-08 6.23544922e-12 2.29964615e-04 2.06693891e-03
   2.31802836e-03 2.07358878e-03 2.44775977e-09 2.17664521e-03
   2.10379437e-03 4.27291501e-11 4.28663498e-06 5.23079827e-04
   1.10617053e-04 7.24147307e-03 2.03615986e-03 6.86116039e-07
   7.17738224e-03 3.56969676e-09 2.04348797e-03 3.39276673e-09
   1.42780093e-10 2.95997481e-03 9.75128387e-07 5.27376073e-07
   2.31312308e-03 2.25148979e-03 9.61041718e-04 1.61814585e-03
   1.86638593e-10 6.81804842e-04 6.66862167e-03 1.06762990e-03
   1.83578825e-03 2.21965695e-03 4.95942025e-08 1.94267626e-03
   1.04572588e-04 2.26361095e-03 1.96278165e-03 2.43372167e-03
   3.62646606e-05 4.26179636e-03 2.09846231e-03 2.83819190e-08
   8.47763557e-04 2.33234721e-03 2.08775699e-03 2.10183673e-03
   9.98800388e-04 3.47297089e-08 3.46813911e-10 3.61118764e-02
   4.18174965e-03 2.44957861e-03 2.06360733e-03 6.04999229e-07
   8.00866840e-09 2.18416835e-06 1.97660271e-03 2.49674427e-04
   2.15688371e-03 2.46501441e-09 1.88195042e-03 5.54590207e-03
   2.25711032e-03 2.00384553e-03 2.14800774e-03 3.47781352e-05
   5.38358194e-08 2.86958016e-06 3.96530231e-04 8.12212075e-10
   3.63872212e-04 6.30849041e-04 1.41815997e-06 8.50506581e-08
   2.31719550e-05 2.01872062e-05 1.01531595e-02 2.27887300e-03
   1.91423553e-03 5.37234939e-07 1.25269158e-04 3.28182227e-06
   1.51958477e-06 5.97574362e-05 4.50775633e-06 4.17529140e-03
   1.01539819e-03 2.75405881e-04 1.83734767e-06 1.49169764e-05
   5.27110533e-09 9.28344477e-08 7.92159440e-08 6.95308857e-03
   6.37198755e-05 9.16198530e-07 6.90650781e-09 6.08891137e-02
   2.12570699e-03 1.54737791e-03 4.17372119e-03 3.01168934e-09
   2.99504887e-13 2.20850809e-03 1.13011469e-04 2.11644894e-03
   1.97983207e-03 4.79931757e-08 9.42002119e-13 2.12828023e-03
   8.81184292e-10 2.05935980e-11 8.99343286e-05 1.15345484e-02
   5.42012788e-03 3.25158006e-03 1.56721045e-13 4.09104759e-05
   2.17500748e-03 1.99416594e-10 5.65715663e-06 3.32821975e-04
   2.10755342e-03 4.70719766e-03 7.42363569e-04 3.87193213e-05
   2.23096786e-03 4.81807068e-03 4.22131037e-03 1.70620318e-08
   5.06150350e-03 6.36433972e-09 9.44271239e-09 9.56179179e-07
   2.08742195e-03 4.91513289e-04 8.40841385e-04 2.05844699e-05
   2.13544630e-03 1.25634969e-07 1.19124376e-03 7.94462452e-04
   1.95952083e-07 3.03928528e-06 3.65759828e-03 6.97538271e-05
   1.29056046e-08 2.23341724e-03 1.30807631e-09 6.14141484e-08
   9.46007185e-06 4.23498824e-03 3.49178235e-03 3.32397595e-03
   1.09209344e-02 2.10302626e-03 2.08697468e-08 1.17203686e-03
   2.83876478e-08 5.89457522e-05 2.29420327e-03 1.15751158e-02
   1.95184501e-03 4.29943992e-09 1.06613221e-07 1.90827402e-03
   1.73470289e-06 3.73229500e-06 1.67885573e-05 1.19584601e-03
   2.49093810e-05 2.52373778e-04 9.33907359e-07 2.66323088e-08
   2.06801016e-03 1.26426795e-03 4.02731402e-03 1.87267398e-03
   1.80567396e-04 9.72982962e-05 1.91174389e-03 2.30115559e-03
   1.01997249e-03 2.01773620e-03 4.13888802e-06 6.30390039e-03
   1.94877328e-03 4.78384970e-03 8.74035955e-10 5.47131337e-03
   2.81150336e-04 7.50665227e-03 1.94566243e-03 2.12693962e-07
   1.93236547e-03 1.06506755e-04 3.22395579e-07 3.97398602e-03]
  [7.73564712e-10 2.18821643e-03 6.15909594e-05 5.76609652e-03
   1.85863416e-06 1.33558577e-02 6.04825467e-03 3.92842416e-08
   5.22838600e-05 1.86916452e-03 2.25109886e-03 8.65453700e-08
   3.72717714e-08 4.92748586e-06 5.64870797e-03 1.69631960e-07
   8.19436798e-04 6.63280161e-07 1.62854441e-08 2.17710715e-03
   9.42209922e-03 1.56334981e-08 1.65254036e-07 3.47553225e-07
   1.82496617e-03 1.31482748e-05 1.00054055e-01 2.72522129e-07
   7.29312014e-04 8.55825135e-08 2.02246523e-03 3.11958352e-08
   5.01546893e-08 5.27123339e-04 7.91351980e-08 2.99057024e-09
   3.24275382e-02 4.55655618e-06 4.82932199e-03 1.09936118e-05
   8.64448282e-08 2.93167727e-06 1.57971389e-03 1.10747202e-07
   3.75373382e-03 1.79348735e-03 1.99287431e-03 1.05959507e-05
   4.60450444e-03 8.15717410e-03 1.02611710e-04 2.63777111e-10
   8.03670588e-08 5.88675216e-03 1.72023974e-07 2.97374481e-09
   5.35021911e-08 4.74897732e-10 2.77064712e-04 2.04484910e-03
   2.20324681e-03 2.09041219e-03 7.02505665e-10 2.04594620e-03
   2.00264878e-03 3.14959503e-09 3.61070011e-06 1.19108264e-03
   6.28912821e-05 6.95513049e-03 1.94458629e-03 3.89797242e-06
   6.10649120e-03 1.10076970e-09 1.97165296e-03 1.20011434e-09
   3.54064846e-12 2.12726649e-03 3.44739703e-07 3.09189954e-06
   2.25150050e-03 2.16100807e-03 8.14575236e-04 2.98991357e-03
   3.19619817e-11 8.19009321e-04 5.89430984e-03 1.00664352e-03
   1.63356832e-03 2.07375665e-03 4.33900738e-08 1.82182144e-03
   1.59557268e-04 2.15447508e-03 1.84524548e-03 2.28256406e-03
   6.00656640e-05 3.82176274e-03 1.95193244e-03 5.36372568e-07
   6.34360476e-04 2.22140248e-03 1.97669026e-03 2.05691485e-03
   9.27495945e-04 2.64524203e-09 1.47834873e-08 3.69932093e-02
   3.80030368e-03 2.30548927e-03 2.09411699e-03 2.62818708e-06
   1.46317220e-07 2.99450335e-06 1.84866623e-03 1.94183449e-04
   2.04798160e-03 2.20052310e-09 1.76348782e-03 4.87604504e-03
   2.22639111e-03 1.84061995e-03 2.04179599e-03 2.24316027e-05
   4.15659855e-07 4.76764257e-07 9.25981381e-04 5.48215258e-11
   4.32306988e-04 3.66031774e-04 2.35127936e-06 8.82289228e-08
   7.40989526e-06 2.36249452e-05 8.98686424e-03 2.14429409e-03
   1.79394090e-03 4.48128930e-07 2.48279801e-04 1.48691042e-05
   1.68751994e-05 6.31526054e-05 1.64451535e-07 3.85993277e-03
   9.44422267e-04 2.37615051e-04 4.66248184e-06 8.62851357e-06
   2.47543909e-07 6.42814371e-08 1.86581531e-06 6.82293857e-03
   3.30490875e-05 1.62514687e-06 1.73096079e-10 5.88333607e-02
   2.12919409e-03 1.33741961e-03 3.72773525e-03 5.48155086e-08
   2.34139726e-12 2.12067785e-03 1.16068673e-04 2.15190742e-03
   1.86322990e-03 9.33541067e-09 2.03509900e-11 1.98704912e-03
   3.89105352e-08 1.61951064e-09 7.05177590e-05 9.93560534e-03
   4.85846074e-03 2.78711901e-03 1.87605709e-10 7.43617711e-05
   2.04632827e-03 9.62106957e-12 3.53099767e-06 4.12216701e-04
   2.06530606e-03 4.04398609e-03 8.19947221e-04 5.76518069e-05
   2.11655092e-03 4.19649621e-03 3.94186564e-03 5.59969862e-07
   4.19403147e-03 5.97965566e-11 3.16339094e-10 1.31220611e-06
   3.33194644e-03 2.89692718e-04 6.70373673e-04 3.82501967e-05
   2.08220235e-03 9.40054505e-08 1.00479869e-03 5.93283563e-04
   2.10838422e-07 2.73131081e-06 4.91890311e-03 9.29403541e-05
   1.40470235e-07 2.19371263e-03 1.86273148e-08 3.31782957e-08
   4.39352470e-06 3.62422387e-03 3.59370164e-03 3.44863930e-03
   9.47079901e-03 2.08606012e-03 7.16289206e-09 1.55574188e-03
   3.63519312e-08 6.46514454e-05 2.19843839e-03 1.14761740e-02
   1.82390586e-03 9.22830368e-10 9.28233348e-08 1.81761896e-03
   6.79783170e-06 5.73829266e-06 2.06253135e-05 1.14483759e-03
   2.31343238e-05 8.55620528e-05 3.18464640e-06 1.39538923e-08
   1.89628743e-03 1.21338910e-03 3.86048015e-03 1.76626898e-03
   2.26963224e-04 1.72034197e-04 1.78505376e-03 2.26314785e-03
   8.43391754e-04 1.85413111e-03 1.70494750e-05 3.74367111e-03
   1.86721503e-03 4.22620401e-03 1.42277417e-08 4.71363729e-03
   3.89483321e-04 7.33916136e-03 1.82464835e-03 9.41780556e-08
   1.83017831e-03 8.24944291e-05 3.19933383e-06 3.51097481e-03]]],0.039353326,0.0046347473,8.576365e-14,0.002405319,0.0055280877,-0.003667636,0.09427145,1.0709761,-2.365872,0.07097615,0.527995,12.573631,0.99999994,-12.573631,1.0,[[[4.45411634e-03 5.15245983e-06 4.96378880e-06 1.91613587e-08
   1.90176695e-04 1.24568851e-06 2.95595895e-03 2.14383425e-03
   1.47914528e-04 3.52569553e-03 2.17783428e-03 1.09092673e-06
   8.64517402e-10 1.41131716e-06 5.14867436e-03 3.46133369e-03
   9.21661325e-04 9.22722593e-11 1.29396483e-06 9.96491173e-04
   2.05007219e-03 4.78215443e-05 1.94775464e-03 2.19352520e-03
   2.21514911e-03 4.54542040e-08 7.43337159e-06 3.86386714e-03
   3.14146443e-03 3.92592791e-03 1.97446183e-03 2.50253152e-10
   5.28740145e-07 2.07938976e-03 1.84488890e-03 3.78811842e-06
   7.50521531e-06 4.01709229e-03 7.87358113e-06 2.10893241e-08
   7.75434216e-03 6.02431316e-03 3.34986020e-03 1.05763623e-03
   1.37198575e-09 3.91846476e-03 3.63105501e-09 1.91638130e-03
   6.21925341e-03 1.79357702e-08 6.67670416e-03 4.06216132e-03
   1.09646458e-03 2.86357249e-06 1.46734361e-12 2.47503385e-06
   6.53641896e-09 4.05785704e-06 3.46883985e-06 2.26862412e-05
   1.15116036e-05 1.47106461e-04 6.01757027e-04 1.09814499e-02
   8.62359814e-03 1.84069609e-03 3.46010403e-08 1.07279606e-03
   1.98623934e-03 1.22607817e-04 1.00235306e-02 6.04104025e-06
   1.75969114e-10 2.16357847e-04 2.25148979e-03 1.87269552e-03
   2.26167940e-05 6.69725850e-05 4.26343431e-05 2.13590660e-03
   1.20439415e-06 8.98373764e-06 1.58205523e-06 2.51531276e-07
   1.51069173e-07 3.23801464e-06 4.90387401e-06 2.07862460e-11
   6.76213577e-03 9.63652681e-04 1.48674578e-03 7.73821708e-13
   2.02958309e-03 4.21158974e-09 4.40470603e-06 4.84521552e-05
   1.72231357e-05 2.81473713e-05 3.76504995e-02 3.90712917e-03
   2.35486244e-08 2.02730368e-03 4.20400319e-08 9.15333920e-04
   3.26583053e-12 4.44234065e-05 1.08751363e-09 3.76030221e-03
   2.63077634e-15 6.64080773e-03 1.37648374e-11 2.86514079e-03
   2.12476077e-03 1.54740308e-04 6.29478279e-07 5.27380570e-11
   5.46496737e-11 3.77926163e-12 9.37751736e-07 2.45884352e-04
   5.83850237e-07 4.38654097e-03 1.97888745e-04 1.40049369e-05
   7.25508414e-07 1.84103148e-03 2.17083738e-08 2.14225729e-03
   6.53654337e-02 2.34605413e-05 2.03384832e-03 6.05722237e-03
   5.03839185e-14 1.89447124e-03 1.92292186e-03 3.52504267e-03
   3.27419955e-04 2.03921506e-03 3.33656353e-10 5.28070703e-03
   4.13230201e-03 6.10322282e-09 1.03630358e-03 1.05793490e-11
   1.98423513e-03 5.67836280e-04 6.52035885e-03 8.18656474e-07
   6.29096627e-02 5.84960571e-06 1.35666117e-10 2.35751618e-09
   2.26821378e-03 8.24554900e-06 1.93116697e-03 9.79426750e-06
   2.09045690e-03 1.03822449e-05 8.21662322e-03 1.20075420e-03
   1.96979800e-03 4.69195875e-05 3.55408131e-03 3.29387967e-06
   2.23699018e-10 1.79624843e-10 2.15108856e-03 1.96961220e-03
   1.03526816e-07 3.18073464e-04 1.17907302e-06 6.78055082e-03
   2.79965025e-06 1.87346654e-03 1.43913557e-08 1.00470658e-07
   1.45295018e-03 1.41628851e-08 1.05464226e-03 1.49239922e-05
   3.79435405e-05 8.54899350e-04 3.85575504e-07 7.33364548e-04
   1.49196273e-06 2.94590947e-08 3.39025319e-05 8.69870235e-07
   2.03390140e-03 7.73322827e-05 9.10257370e-07 3.71721499e-02
   7.32370373e-03 1.10237613e-06 3.85000831e-09 1.56391456e-04
   2.44979281e-09 1.54587545e-03 2.01107003e-03 4.19017319e-08
   3.66600114e-03 2.21015420e-03 3.95357747e-05 2.90600164e-03
   1.51849829e-03 1.00679891e-07 6.47886284e-03 1.97556010e-03
   3.15357511e-07 2.00382914e-07 1.44311591e-04 2.24171299e-03
   2.50927871e-04 2.16900161e-03 8.80798034e-05 3.61807179e-03
   2.30380334e-03 2.51497459e-05 5.14561577e-07 3.05204131e-14
   5.54908191e-08 1.46035076e-04 4.05792613e-03 8.12555570e-03
   4.11210908e-03 5.37838878e-06 6.47662859e-03 2.22420436e-03
   3.90497618e-03 2.02595210e-03 1.06300826e-08 1.07631131e-05
   3.15970792e-05 2.31564736e-05 2.05287011e-03 8.72763433e-03
   3.00074890e-02 2.75680977e-05 3.79086751e-03 4.24815051e-04
   3.76205317e-05 6.03996511e-07 2.15122523e-03 9.11617477e-04
   1.51756276e-05 2.71787128e-12 4.99568387e-07 4.74474959e-10
   3.14299905e-06 7.70780684e-09 9.43703577e-04 2.03537964e-03
   2.07625120e-03 7.80678300e-12 8.94022887e-05 4.85422279e-05]
  [4.84177703e-03 3.69755230e-06 7.57818952e-07 4.24676916e-09
   1.09169509e-04 4.62953523e-07 3.00274952e-03 2.03602738e-03
   1.94207372e-04 3.73349781e-03 2.04828358e-03 3.48446088e-06
   2.49382265e-10 1.20615118e-06 5.51031204e-03 4.07621823e-03
   1.21891766e-03 1.55392470e-11 4.12274375e-07 9.48653847e-04
   2.06820853e-03 4.71642379e-05 1.81862805e-03 2.11719680e-03
   2.05627340e-03 2.83239334e-08 5.19071136e-06 4.18035500e-03
   3.00679752e-03 3.81894503e-03 1.84749637e-03 3.58975272e-09
   5.92567289e-07 2.07530381e-03 1.70491834e-03 2.15431646e-06
   4.37500012e-06 4.27290006e-03 2.86365175e-05 1.90003906e-08
   8.70368071e-03 5.18688280e-03 4.70659090e-03 2.15924042e-03
   4.87903884e-10 5.05966134e-03 3.01444958e-09 1.83006469e-03
   5.51293883e-03 7.14728443e-10 5.97214652e-03 3.62676545e-03
   8.47725954e-04 1.76250342e-06 4.78414641e-10 9.58410237e-06
   1.56104477e-07 2.50056200e-05 5.11594180e-06 4.32370871e-06
   4.42014198e-06 2.12524392e-04 6.20026665e-04 6.48080278e-03
   9.52716637e-03 1.73664337e-03 5.64764413e-09 8.66936462e-04
   1.87399250e-03 8.23312585e-05 6.34388626e-03 2.52956652e-05
   6.10221917e-09 2.91901670e-04 2.14300072e-03 1.75818230e-03
   3.92421425e-05 3.61827879e-05 3.04389341e-05 2.03860621e-03
   8.75247736e-07 7.11680650e-06 1.79002802e-06 6.26597227e-08
   1.61447282e-08 1.23826921e-05 1.85062197e-06 7.96083921e-10
   5.96583448e-03 7.66624871e-04 1.13923987e-03 2.58516486e-10
   1.93187653e-03 1.60714081e-10 4.09300810e-06 6.45956461e-05
   9.45103602e-06 7.37297014e-05 3.76197360e-02 3.82703356e-03
   4.51964999e-09 1.89514155e-03 6.09230444e-09 7.34401925e-04
   1.26107047e-09 4.47304556e-05 4.23429540e-08 4.16792138e-03
   4.48353854e-12 8.94825067e-03 3.50898893e-10 3.04677407e-03
   2.10808404e-03 9.95659066e-05 4.07518684e-07 1.96451255e-09
   4.31496971e-09 1.45754520e-11 2.12500680e-07 3.90100497e-04
   4.14206198e-07 5.36637660e-03 7.95260828e-04 9.64990068e-06
   2.50158280e-07 1.76453649e-03 1.39649325e-09 2.02056929e-03
   6.80307075e-02 2.20707589e-05 1.92097598e-03 5.89768169e-03
   1.03886719e-10 1.75233243e-03 1.75411359e-03 3.82600981e-03
   2.29822239e-04 1.93024671e-03 5.23053867e-09 4.70705330e-03
   5.28570451e-03 4.85976948e-09 8.52911267e-04 3.72298789e-11
   1.89606880e-03 7.03138183e-04 6.11858722e-03 3.23446693e-06
   7.00714737e-02 5.42718681e-06 1.36249042e-11 3.03284509e-10
   2.20183888e-03 2.74362228e-05 1.82697643e-03 7.20370736e-06
   1.94159977e-03 1.04745050e-05 8.56195763e-03 9.09937778e-04
   1.87207956e-03 3.92480324e-05 3.22656240e-03 4.92486333e-06
   1.15638148e-08 3.11081894e-09 2.01982213e-03 1.96156208e-03
   7.84444012e-08 3.28297087e-04 6.08037453e-07 5.96000673e-03
   1.19118579e-06 1.76958565e-03 1.24698696e-08 3.08849324e-09
   9.71518224e-04 1.15107861e-08 1.18436548e-03 7.05327147e-06
   1.70823387e-05 8.08997487e-04 2.25848180e-06 4.73321037e-04
   1.02602417e-06 8.69785765e-07 3.23228414e-05 4.55856309e-07
   2.00481573e-03 5.40198089e-05 5.27681323e-07 3.71862687e-02
   4.82810568e-03 1.00079421e-06 1.54206270e-09 2.21394410e-04
   9.33020217e-10 1.27687154e-03 1.99099747e-03 1.85635542e-08
   2.83229747e-03 2.17016065e-03 4.03286467e-05 2.97889113e-03
   2.11356860e-03 7.65776491e-08 4.54625953e-03 2.00320268e-03
   2.12707005e-06 1.15407992e-07 7.81977433e-04 2.15742178e-03
   2.56021187e-04 2.02678447e-03 2.97517341e-04 3.65421572e-03
   2.19845655e-03 1.24771599e-04 2.64727873e-07 2.10823598e-11
   3.00721901e-08 2.56918691e-04 5.20753954e-03 7.35694496e-03
   4.39296756e-03 3.55280681e-05 5.78021351e-03 2.13647075e-03
   4.24285512e-03 2.04094267e-03 5.19455227e-07 3.14316967e-05
   7.05435814e-05 6.56595876e-05 1.98923494e-03 1.06182760e-02
   3.02136857e-02 2.61553923e-05 5.03544975e-03 7.26947270e-04
   4.19713251e-05 3.27809403e-07 2.01901374e-03 7.05008162e-04
   6.73320665e-06 1.72180631e-10 2.77323863e-07 5.63408417e-11
   6.19122056e-06 5.89491123e-10 1.00264815e-03 1.97351631e-03
   1.98340812e-03 1.19800603e-09 2.94404221e-04 4.51644737e-05]]],0.03476559,0.0041929493,3.1953403e-15,0.0023069428,0.0034868879318237303,16.65101718902588,3000
