covered_sa_frac,covered_state_frac,distance_mse,env,gamma,goal_reach_frac,long_horizon_mse,mean_length,median_steps,method,n_trajectories,optimal_start_action,optimal_start_value,overestimate_mean,p_success,pred_start_risky,pred_start_safe,regret,risky_action,risky_overestimate_ratio,safe_length,seed,stage,start_action,start_value,success_rate,triangle_violation_rate,true_start_risky,true_start_safe,underestimate_mean,value_mse
0.484375,1.0,1334809.7179560286,det_chain_n32,0.98,1.0,0.4129971466755522,31.0,31.0,mc_positive,64.0,,0.5345746329947881,7.24247051220317e-17,,0.5345746329947875,0.0,0.0,1.0,0.9999999999999988,31,0,deterministic,1.0,0.5345746329947881,1.0,0.0,0.5345746329947881,0.5238831403348924,0.5730640556424912,0.46142526745715395
0.484375,1.0,1334809.7179560286,det_chain_n32,0.98,1.0,0.4129971466755522,31.0,31.0,mc_all_goals,64.0,,0.5345746329947881,7.24247051220317e-17,,0.5345746329947875,0.0,0.0,1.0,0.9999999999999988,31,0,deterministic,1.0,0.5345746329947881,1.0,0.0,0.5345746329947881,0.5238831403348924,0.5730640556424912,0.46142526745715395
0.484375,1.0,1334809.7179560286,det_chain_n32,0.98,1.0,0.4129971466755522,31.0,31.0,trl_raw_realized,64.0,,0.5345746329947881,0.0,,0.5345746329947881,0.0,0.0,1.0,1.0,31,0,deterministic,1.0,0.5345746329947881,1.0,0.0,0.5345746329947881,0.5238831403348924,0.5730640556424911,0.46142526745715395
0.484375,1.0,1334809.7179560286,det_chain_n32,0.98,1.0,0.4129971466755522,31.0,31.0,trl_log_realized,64.0,,0.5345746329947881,1.0462550964485118e-17,,0.5345746329947881,0.0,0.0,1.0,1.0,31,0,deterministic,1.0,0.5345746329947881,1.0,0.0,0.5345746329947881,0.5238831403348924,0.5730640556424911,0.46142526745715395
0.484375,1.0,1447619.4656500402,det_chain_n32,0.98,1.0,0.5248299559372591,31.0,inf,bellman_6_sweeps,64.0,,0.5345746329947881,0.0014753298655003145,,0.0,0.0,0.5345746329947881,0.0,0.0,31,0,deterministic,0.0,0.0,0.0,0.0202,0.5345746329947881,0.5238831403348924,0.6055473388747454,0.47388065099596155
0.484375,1.0,890297.5219820937,det_chain_n32,0.98,1.0,0.2694277685382971,31.0,31.0,sto_trl_6_sweeps,64.0,,0.5345746329947881,0.0036243524787156946,,0.534574632994788,0.5238831403348922,0.0,1.0,0.9999999999999998,31,0,deterministic,1.0,0.5345746329947881,1.0,0.0,0.5345746329947881,0.5238831403348924,0.38455783197663795,0.31176012188529223
0.484375,1.0,1334809.7179560286,det_chain_n32,0.98,1.0,0.4129971466755522,31.0,31.0,mc_positive,64.0,,0.5345746329947881,7.24247051220317e-17,,0.5345746329947875,0.0,0.0,1.0,0.9999999999999988,31,1,deterministic,1.0,0.5345746329947881,1.0,0.0,0.5345746329947881,0.5238831403348924,0.5730640556424912,0.46142526745715395
0.484375,1.0,1334809.7179560286,det_chain_n32,0.98,1.0,0.4129971466755522,31.0,31.0,mc_all_goals,64.0,,0.5345746329947881,7.24247051220317e-17,,0.5345746329947875,0.0,0.0,1.0,0.9999999999999988,31,1,deterministic,1.0,0.5345746329947881,1.0,0.0,0.5345746329947881,0.5238831403348924,0.5730640556424912,0.46142526745715395
0.484375,1.0,1334809.7179560286,det_chain_n32,0.98,1.0,0.4129971466755522,31.0,31.0,trl_raw_realized,64.0,,0.5345746329947881,0.0,,0.5345746329947881,0.0,0.0,1.0,1.0,31,1,deterministic,1.0,0.5345746329947881,1.0,0.0,0.5345746329947881,0.5238831403348924,0.5730640556424911,0.46142526745715395
0.484375,1.0,1334809.7179560286,det_chain_n32,0.98,1.0,0.4129971466755522,31.0,31.0,trl_log_realized,64.0,,0.5345746329947881,1.0462550964485118e-17,,0.5345746329947881,0.0,0.0,1.0,1.0,31,1,deterministic,1.0,0.5345746329947881,1.0,0.0,0.5345746329947881,0.5238831403348924,0.5730640556424911,0.46142526745715395
0.484375,1.0,1447619.4656500402,det_chain_n32,0.98,1.0,0.5248299559372591,31.0,inf,bellman_6_sweeps,64.0,,0.5345746329947881,0.0014753298655003145,,0.0,0.0,0.5345746329947881,0.0,0.0,31,1,deterministic,0.0,0.0,0.0,0.0202,0.5345746329947881,0.5238831403348924,0.6055473388747454,0.47388065099596155
0.484375,1.0,890297.5219820937,det_chain_n32,0.98,1.0,0.2694277685382971,31.0,31.0,sto_trl_6_sweeps,64.0,,0.5345746329947881,0.0036243524787156946,,0.534574632994788,0.5238831403348922,0.0,1.0,0.9999999999999998,31,1,deterministic,1.0,0.5345746329947881,1.0,0.0,0.5345746329947881,0.5238831403348924,0.38455783197663795,0.31176012188529223
0.484375,1.0,1334809.7179560286,det_chain_n32,0.98,1.0,0.4129971466755522,31.0,31.0,mc_positive,64.0,,0.5345746329947881,7.24247051220317e-17,,0.5345746329947875,0.0,0.0,1.0,0.9999999999999988,31,2,deterministic,1.0,0.5345746329947881,1.0,0.0,0.5345746329947881,0.5238831403348924,0.5730640556424912,0.46142526745715395
0.484375,1.0,1334809.7179560286,det_chain_n32,0.98,1.0,0.4129971466755522,31.0,31.0,mc_all_goals,64.0,,0.5345746329947881,7.24247051220317e-17,,0.5345746329947875,0.0,0.0,1.0,0.9999999999999988,31,2,deterministic,1.0,0.5345746329947881,1.0,0.0,0.5345746329947881,0.5238831403348924,0.5730640556424912,0.46142526745715395
0.484375,1.0,1334809.7179560286,det_chain_n32,0.98,1.0,0.4129971466755522,31.0,31.0,trl_raw_realized,64.0,,0.5345746329947881,0.0,,0.5345746329947881,0.0,0.0,1.0,1.0,31,2,deterministic,1.0,0.5345746329947881,1.0,0.0,0.5345746329947881,0.5238831403348924,0.5730640556424911,0.46142526745715395
0.484375,1.0,1334809.7179560286,det_chain_n32,0.98,1.0,0.4129971466755522,31.0,31.0,trl_log_realized,64.0,,0.5345746329947881,1.0462550964485118e-17,,0.5345746329947881,0.0,0.0,1.0,1.0,31,2,deterministic,1.0,0.5345746329947881,1.0,0.0,0.5345746329947881,0.5238831403348924,0.5730640556424911,0.46142526745715395
0.484375,1.0,1447619.4656500402,det_chain_n32,0.98,1.0,0.5248299559372591,31.0,inf,bellman_6_sweeps,64.0,,0.5345746329947881,0.0014753298655003145,,0.0,0.0,0.5345746329947881,0.0,0.0,31,2,deterministic,0.0,0.0,0.0,0.0202,0.5345746329947881,0.5238831403348924,0.6055473388747454,0.47388065099596155
0.484375,1.0,890297.5219820937,det_chain_n32,0.98,1.0,0.2694277685382971,31.0,31.0,sto_trl_6_sweeps,64.0,,0.5345746329947881,0.0036243524787156946,,0.534574632994788,0.5238831403348922,0.0,1.0,0.9999999999999998,31,2,deterministic,1.0,0.5345746329947881,1.0,0.0,0.5345746329947881,0.5238831403348924,0.38455783197663795,0.31176012188529223
0.8181818181818182,1.0,419.81806641056363,risky_L8_p0.10,0.98,0.5583333333333333,0.4541761703893446,5.1466666666666665,2.0,mc_positive,600.0,0,0.8507630225817854,0.031180798182186963,0.1,0.95963168,0.8494479076126855,0.7547230225817854,1.0,9.991999999999999,8,0,risky,1.0,0.09604,0.098,0.0603,0.09604,0.8507630225817854,0.000405297245662104,0.024719923060347503
0.8181818181818182,1.0,24.177468312465795,risky_L8_p0.10,0.98,0.5583333333333333,0.004232258290789542,5.1466666666666665,8.0,mc_all_goals,600.0,0,0.8507630225817854,0.0018346820912123706,0.1,0.08272686896551724,0.8494479076126855,0.0,0.0,0.8613793103448276,8,0,risky,0.0,0.8507630225817854,1.0,0.0662,0.09604,0.8507630225817854,0.0022428281318319226,0.0004551601721292035
0.8181818181818182,1.0,419.8337336996256,risky_L8_p0.10,0.98,0.5583333333333333,0.454100215776032,5.1466666666666665,2.0,trl_raw_realized,600.0,0,0.8507630225817854,0.031181070957415055,0.1,0.9603999999999999,0.8507630225817854,0.7547230225817854,1.0,10.0,8,0,risky,1.0,0.09604,0.098,0.0,0.09604,0.8507630225817854,0.0015509229461678955,0.024731970866494864
0.8181818181818182,1.0,8722.496954193095,risky_L8_p0.10,0.98,0.5583333333333333,0.30685317817790486,5.1466666666666665,2.0,trl_log_realized,600.0,0,0.8507630225817854,0.021896995672631075,0.1,0.9603999999999999,0.8507630225817855,0.7547230225817854,1.0,10.0,8,0,risky,1.0,0.09604,0.098,0.0,0.09604,0.8507630225817854,0.0064869548726806305,0.017094398895901093
0.8181818181818182,1.0,239018.84590544374,risky_L8_p0.10,0.98,0.5583333333333333,0.28962582350720034,5.1466666666666665,2.0,bellman_4_sweeps,600.0,0,0.8507630225817854,0.0004302261772339618,0.1,0.08279310344827587,0.0,0.7547230225817854,1.0,0.8620689655172414,8,0,risky,1.0,0.09604,0.098,0.0194,0.09604,0.8507630225817854,0.11321605911631406,0.0986186118515636
0.8181818181818182,1.0,1.7593040183617275,risky_L8_p0.10,0.98,0.5583333333333333,0.00010673527020214026,5.1466666666666665,8.0,sto_trl_4_sweeps,600.0,0,0.8507630225817854,0.0004302261772339618,0.1,0.08279310344827587,0.8507630225817854,0.0,0.0,0.8620689655172414,8,0,risky,0.0,0.8507630225817854,1.0,0.0,0.09604,0.8507630225817854,0.0004302261772339636,1.1476910774423637e-05
0.8181818181818182,1.0,1.7593040183617275,risky_L8_p0.10,0.98,0.5583333333333333,0.00010673527020214026,5.1466666666666665,8.0,bellman_full,600.0,0,0.8507630225817854,0.0004302261772339618,0.1,0.08279310344827587,0.8507630225817854,0.0,0.0,0.8620689655172414,8,0,risky,0.0,0.8507630225817854,1.0,0.0,0.09604,0.8507630225817854,0.0004302261772339636,1.1476910774423637e-05
0.8181818181818182,1.0,86.96153831920132,risky_L8_p0.40,0.98,0.7116666666666667,0.1822712596497168,5.1466666666666665,2.0,mc_positive,600.0,0,0.8507630225817854,0.031185479573292287,0.4,0.9600716581196552,0.8494479076126855,0.4666030225817854,1.0,2.4991452991452916,8,0,risky,1.0,0.38416,0.432,0.0603,0.38416,0.8507630225817854,0.000405297245662104,0.015679918569828297
0.8181818181818182,1.0,2.1969036624612355,risky_L8_p0.40,0.98,0.7116666666666667,0.002317528173487295,5.1466666666666665,8.0,mc_all_goals,600.0,0,0.8507630225817854,0.0011032103819058185,0.4,0.38733925517241263,0.8494479076126855,0.0,0.0,1.0082758620689625,8,0,risky,0.0,0.8507630225817854,1.0,0.0662,0.38416,0.8507630225817854,0.0015113564225253213,0.00020002769015263838
0.8181818181818182,1.0,87.0228796986674,risky_L8_p0.40,0.98,0.7116666666666667,0.18233363020819054,5.1466666666666665,2.0,trl_raw_realized,600.0,0,0.8507630225817854,0.031191377195698925,0.4,0.9603999999999999,0.8507630225817854,0.4666030225817854,1.0,2.5,8,0,risky,1.0,0.38416,0.432,0.0,0.38416,0.8507630225817854,0.0015509229461678955,0.01570096656294474
0.8181818181818182,1.0,86.47284236831558,risky_L8_p0.40,0.98,0.7116666666666667,0.1778142655815912,5.1466666666666665,2.0,trl_log_realized,600.0,0,0.8507630225817854,0.030778323398478587,0.4,0.9603999999999999,0.8507630225817855,0.4666030225817854,1.0,2.5,8,0,risky,1.0,0.38416,0.432,0.0,0.38416,0.8507630225817854,0.005454266718018126,0.015591179508895138
0.8181818181818182,1.0,239017.095050336,risky_L8_p0.40,0.98,0.7116666666666667,0.18095776884110842,5.1466666666666665,2.0,bellman_4_sweeps,600.0,0,0.8507630225817854,0.00010755654430848865,0.4,0.38747172413793096,0.0,0.4666030225817854,1.0,1.0086206896551722,8,0,risky,1.0,0.38416,0.432,0.0194,0.38416,0.8507630225817854,0.11289338948338858,0.0986078522477126
0.8181818181818182,1.0,0.008448910657836362,risky_L8_p0.40,0.98,0.7116666666666667,8.338692984542231e-06,5.1466666666666665,8.0,sto_trl_4_sweeps,600.0,0,0.8507630225817854,0.00010755654430848865,0.4,0.38747172413793096,0.8507630225817854,0.0,0.0,1.0086206896551722,8,0,risky,0.0,0.8507630225817854,1.0,0.0,0.38416,0.8507630225817854,0.00010755654430849343,7.173069234014822e-07
0.8181818181818182,1.0,0.008448910657836362,risky_L8_p0.40,0.98,0.7116666666666667,8.338692984542231e-06,5.1466666666666665,8.0,bellman_full,600.0,0,0.8507630225817854,0.00010755654430848865,0.4,0.38747172413793096,0.8507630225817854,0.0,0.0,1.0086206896551722,8,0,risky,0.0,0.8507630225817854,1.0,0.0,0.38416,0.8507630225817854,0.00010755654430849343,7.173069234014822e-07
0.8181818181818182,1.0,17923.84931620475,risky_L8_p0.80,0.98,0.8966666666666666,0.16924881406978992,5.1466666666666665,2.0,mc_positive,600.0,0,0.8507630225817854,0.022926269005847856,0.8,0.9600630175438547,0.8494479076126855,0.08244302258178537,1.0,1.2495614035087654,8,0,risky,1.0,0.76832,0.82,0.0596,0.76832,0.8507630225817854,0.002470673589748125,0.014559708197361467
0.8181818181818182,1.0,17784.998150788706,risky_L8_p0.80,0.98,0.8966666666666666,0.009320123368731826,5.1466666666666665,8.0,mc_all_goals,600.0,0,0.8507630225817854,0.0023531627734519867,0.8,0.7548081655172375,0.8494479076126855,0.0,0.0,0.9824137931034432,8,0,risky,0.0,0.8507630225817854,1.0,0.0662,0.76832,0.8507630225817854,0.002761308814071519,0.0008024014703887271
0.8181818181818182,1.0,17923.89212765557,risky_L8_p0.80,0.98,0.8966666666666666,0.1692589751999539,5.1466666666666665,2.0,trl_raw_realized,600.0,0,0.8507630225817854,0.022929892473107952,0.8,0.9603999999999999,0.8507630225817854,0.08244302258178537,1.0,1.25,8,0,risky,1.0,0.76832,0.82,0.0,0.76832,0.8507630225817854,0.0036162992902539163,0.014576265056859867
0.8181818181818182,1.0,17924.839643273786,risky_L8_p0.80,0.98,0.8966666666666666,0.16925897426828523,5.1466666666666665,2.0,trl_log_realized,600.0,0,0.8507630225817854,0.022929892264487745,0.8,0.9603999999999999,0.8507630225817855,0.08244302258178537,1.0,1.25,8,0,risky,1.0,0.76832,0.82,0.0,0.76832,0.8507630225817854,0.007519643062104147,0.014855240471191397
0.8181818181818182,1.0,239017.4620341868,risky_L8_p0.80,0.98,0.8966666666666666,0.18108284923587656,5.1466666666666665,2.0,bellman_4_sweeps,600.0,0,0.8507630225817854,0.00043022617723396565,0.8,0.7550731034482759,0.0,0.08244302258178537,1.0,0.9827586206896552,8,0,risky,1.0,0.76832,0.82,0.0194,0.76832,0.8507630225817854,0.11321605911631406,0.0986186118515636
0.8181818181818182,1.0,0.3754327613959768,risky_L8_p0.80,0.98,0.8966666666666666,0.00013341908775267542,5.1466666666666665,8.0,sto_trl_4_sweeps,600.0,0,0.8507630225817854,0.00043022617723396565,0.8,0.7550731034482759,0.8507630225817854,0.0,0.0,0.9827586206896552,8,0,risky,0.0,0.8507630225817854,1.0,0.0,0.76832,0.8507630225817854,0.0004302261772339618,1.1476910774423693e-05
0.8181818181818182,1.0,0.3754327613959768,risky_L8_p0.80,0.98,0.8966666666666666,0.00013341908775267542,5.1466666666666665,8.0,bellman_full,600.0,0,0.8507630225817854,0.00043022617723396565,0.8,0.7550731034482759,0.8507630225817854,0.0,0.0,0.9827586206896552,8,0,risky,0.0,0.8507630225817854,1.0,0.0,0.76832,0.8507630225817854,0.0004302261772339618,1.1476910774423693e-05
0.8947368421052632,1.0,5291.889272925409,risky_L16_p0.10,0.98,0.5283333333333333,0.01650958781767092,8.786666666666667,2.0,mc_positive,600.0,0,0.7237977205924956,0.006764679431341925,0.1,0.9603999999999999,0.7219912421148529,0.6277577205924956,1.0,10.0,16,0,risky,1.0,0.09604,0.096,0.0978,0.09604,0.7237977205924956,0.001319197214982679,0.005196478161566046
0.8947368421052632,1.0,5205.484136068173,risky_L16_p0.10,0.98,0.5283333333333333,0.00011229107274857439,8.786666666666667,16.0,mc_all_goals,600.0,0,0.7237977205924956,0.000363707811568269,0.1,0.08926794871794871,0.7219912421148529,0.0,0.0,0.9294871794871794,16,0,risky,0.0,0.7237977205924956,1.0,0.10065,0.09604,0.7237977205924956,0.0013646533867179205,6.812644422489908e-05
0.8947368421052632,1.0,5291.8877455876645,risky_L16_p0.10,0.98,0.5283333333333333,0.016500201420323615,8.786666666666667,2.0,trl_raw_realized,600.0,0,0.7237977205924956,0.006765581395345646,0.1,0.9603999999999999,0.7237977205924956,0.6277577205924956,1.0,10.0,16,0,risky,1.0,0.09604,0.096,0.0,0.09604,0.7237977205924956,0.001309172728225235,0.005197831451992259
0.8947368421052632,1.0,144356.18911979487,risky_L16_p0.10,0.98,0.5283333333333333,0.09468648698090668,8.786666666666667,2.0,trl_log_realized,600.0,0,0.7237977205924956,0.006765581330888257,0.1,0.9603999999999999,0.7237977205924956,0.6277577205924956,1.0,10.0,16,0,risky,1.0,0.09604,0.096,0.0,0.09604,0.7237977205924956,0.09172185000099375,0.06920543647308046
0.8947368421052632,1.0,673640.678149434,risky_L16_p0.10,0.98,0.5283333333333333,0.6313736683364503,8.786666666666667,2.0,bellman_5_sweeps,600.0,0,0.7237977205924956,6.795468097793574e-05,0.1,0.08926794871794871,0.0,0.6277577205924956,1.0,0.9294871794871794,16,0,risky,1.0,0.09604,0.096,0.0272,0.09604,0.7237977205924956,0.29902833548814395,0.24515192510893255
0.8947368421052632,1.0,0.13205472691765816,risky_L16_p0.10,0.98,0.5283333333333333,1.49970968590274e-06,8.786666666666667,16.0,sto_trl_5_sweeps,600.0,0,0.7237977205924956,6.795468097793574e-05,0.1,0.08926794871794871,0.7237977205924955,0.0,0.0,0.9294871794871794,16,0,risky,0.0,0.7237977205924956,1.0,0.0,0.09604,0.7237977205924956,6.795468097793758e-05,9.267309022521763e-07
0.8947368421052632,1.0,0.13205472691765816,risky_L16_p0.10,0.98,0.5283333333333333,1.49970968590274e-06,8.786666666666667,16.0,bellman_full,600.0,0,0.7237977205924956,6.795468097793574e-05,0.1,0.08926794871794871,0.7237977205924956,0.0,0.0,0.9294871794871794,16,0,risky,0.0,0.7237977205924956,1.0,0.0,0.09604,0.7237977205924956,6.795468097793683e-05,9.267309022521763e-07
0.8947368421052632,1.0,5811.6946437277265,risky_L16_p0.40,0.98,0.7016666666666667,0.013281181554344318,8.786666666666667,2.0,mc_positive,600.0,0,0.7237977205924956,0.007721364687540588,0.4,0.9603999999999965,0.7219912421148529,0.3396377205924956,1.0,2.4999999999999907,16,0,risky,1.0,0.38416,0.356,0.0978,0.38416,0.7237977205924956,0.0022764065173082604,0.00423834684359059
0.8947368421052632,1.0,5793.881036609208,risky_L16_p0.40,0.98,0.7016666666666667,0.003113511555400095,8.786666666666667,16.0,mc_all_goals,600.0,0,0.7237977205924956,0.0014457066189624457,0.4,0.4094012820512805,0.7219912421148529,0.0,0.0,1.0657051282051242,16,0,risky,0.0,0.7237977205924956,1.0,0.10065,0.38416,0.7237977205924956,0.0024466521941120885,0.0009955019269837946
0.8947368421052632,1.0,5811.696347975579,risky_L16_p0.40,0.98,0.7016666666666667,0.013275521825930814,8.786666666666667,2.0,trl_raw_realized,600.0,0,0.7237977205924956,0.007722790697671227,0.4,0.9603999999999999,0.7237977205924956,0.3396377205924956,1.0,2.5,16,0,risky,1.0,0.38416,0.356,0.0,0.38416,0.7237977205924956,0.002266382030550816,0.004240622149664838
0.8947368421052632,1.0,144875.99772204945,risky_L16_p0.40,0.98,0.7016666666666667,0.08901848580746752,8.786666666666667,2.0,trl_log_realized,600.0,0,0.7237977205924956,0.007722790633213838,0.4,0.9603999999999999,0.7237977205924956,0.3396377205924956,1.0,2.5,16,0,risky,1.0,0.38416,0.356,0.0,0.38416,0.7237977205924956,0.09267905930331935,0.0682482271336101
0.8947368421052632,1.0,673640.6939770404,risky_L16_p0.40,0.98,0.7016666666666667,0.6116821558011046,8.786666666666667,2.0,bellman_5_sweeps,600.0,0,0.7237977205924956,0.0002532856290995822,0.4,0.409401282051282,0.0,0.3396377205924956,1.0,1.0657051282051282,16,0,risky,1.0,0.38416,0.356,0.0272,0.38416,0.7237977205924956,0.2992136664362656,0.2451638730445318
0.8947368421052632,1.0,0.14788233312624827,risky_L16_p0.40,0.98,0.7016666666666667,4.036744392669294e-05,8.786666666666667,16.0,sto_trl_5_sweeps,600.0,0,0.7237977205924956,0.0002532856290995822,0.4,0.409401282051282,0.7237977205924955,0.0,0.0,1.0657051282051282,16,0,risky,0.0,0.7237977205924956,1.0,0.0,0.38416,0.7237977205924956,0.00025328562909958353,1.287466650153662e-05
0.8947368421052632,1.0,0.14788233312624827,risky_L16_p0.40,0.98,0.7016666666666667,4.036744392669294e-05,8.786666666666667,16.0,bellman_full,600.0,0,0.7237977205924956,0.0002532856290995822,0.4,0.409401282051282,0.7237977205924956,0.0,0.0,1.0657051282051282,16,0,risky,0.0,0.7237977205924956,1.0,0.0,0.38416,0.7237977205924956,0.00025328562909958277,1.287466650153662e-05
0.8947368421052632,1.0,64.47341125584344,risky_L16_p0.80,0.98,0.9016666666666666,0.019870417228316447,8.786666666666667,2.0,mc_positive,600.0,1,0.76832,0.009634541659331206,0.8,0.9602481581027615,0.7219912421148529,0.0,1.0,1.2498023715414952,16,0,risky,1.0,0.76832,0.772,0.09805,0.76832,0.7237977205924956,0.0010001274475408186,0.006339897091767747
0.8947368421052632,1.0,8.709282331891467,risky_L16_p0.80,0.98,0.9016666666666666,0.0017458254987043331,8.786666666666667,2.0,mc_all_goals,600.0,1,0.76832,0.0010270506857483512,0.8,0.778662769230765,0.7219912421148529,0.0,1.0,1.013461538461533,16,0,risky,1.0,0.76832,0.772,0.09805,0.76832,0.7237977205924956,0.002027996260898005,0.000559296407240296
0.8947368421052632,1.0,64.48970967608878,risky_L16_p0.80,0.98,0.9016666666666666,0.01987233014328772,8.786666666666667,2.0,trl_raw_realized,600.0,1,0.76832,0.009637202920930232,0.8,0.9603999999999999,0.7237977205924956,0.0,1.0,1.25,16,0,risky,1.0,0.76832,0.772,0.0,0.76832,0.7237977205924956,0.0009901029607833746,0.006344587593074351
0.8947368421052632,1.0,139128.19503720818,risky_L16_p0.80,0.98,0.9016666666666666,0.09523868056121927,8.786666666666667,2.0,trl_log_realized,600.0,1,0.76832,0.00950958164803493,0.8,0.9603999999999999,0.7237977205924956,0.0,1.0,1.25,16,0,risky,1.0,0.76832,0.772,0.0,0.76832,0.7237977205924956,0.09140278023355192,0.07023207662317878
0.8947368421052632,1.0,673640.6272203395,risky_L16_p0.80,0.98,0.9016666666666666,0.6116487283876925,8.786666666666667,2.0,bellman_5_sweeps,600.0,1,0.76832,0.00010502087060226596,0.8,0.7787858974358974,0.0,0.0,1.0,1.013621794871795,16,0,risky,1.0,0.76832,0.772,0.0272,0.76832,0.7237977205924956,0.2990654016777683,0.2451532118096894
0.8947368421052632,1.0,0.08112563226346575,risky_L16_p0.80,0.98,0.9016666666666666,6.940030514464132e-06,8.786666666666667,2.0,sto_trl_5_sweeps,600.0,1,0.76832,0.00010502087060226596,0.8,0.7787858974358974,0.7237977205924955,0.0,1.0,1.013621794871795,16,0,risky,1.0,0.76832,0.772,0.0,0.76832,0.7237977205924956,0.00010502087060226614,2.213431659098195e-06
0.8947368421052632,1.0,0.08112563226346575,risky_L16_p0.80,0.98,0.9016666666666666,6.940030514464132e-06,8.786666666666667,2.0,bellman_full,600.0,1,0.76832,0.00010502087060226596,0.8,0.7787858974358974,0.7237977205924956,0.0,1.0,1.013621794871795,16,0,risky,1.0,0.76832,0.772,0.0,0.76832,0.7237977205924956,0.0001050208706022654,2.213431659098195e-06
0.9285714285714286,1.0,13252.836800728897,risky_L32_p0.10,0.98,0.555,0.0034692798221889415,17.753333333333334,2.0,mc_positive,600.0,0,0.5238831403348924,0.001849431589260028,0.1,0.9603999999999999,0.520904341067607,0.42784314033489235,1.0,10.0,32,0,risky,1.0,0.09604,0.11,0.1259,0.09604,0.5238831403348924,0.007124059222513777,0.006639911271350012
0.9285714285714286,1.0,13229.638495791132,risky_L32_p0.10,0.98,0.555,0.0011359548817909916,17.753333333333334,32.0,mc_all_goals,600.0,0,0.5238831403348924,0.00013477966999698215,0.1,0.07002916666666666,0.520904341067607,0.0,0.0,0.7291666666666665,32,0,risky,0.0,0.5238831403348924,1.0,0.12645,0.09604,0.5238831403348924,0.007171790830143205,0.005240204818466762
0.9285714285714286,1.0,13252.814172266113,risky_L32_p0.10,0.98,0.555,0.003459310073516086,17.753333333333334,2.0,trl_raw_realized,600.0,0,0.5238831403348924,0.0019064322907626373,0.1,0.9603999999999999,0.5238831403348924,0.42784314033489235,1.0,10.0,32,0,risky,1.0,0.09604,0.11,0.0,0.09604,0.5238831403348924,0.006500997073673512,0.006636709814710888
0.9285714285714286,1.0,102306.50316186018,risky_L32_p0.10,0.98,0.555,0.03984795460480226,17.753333333333334,2.0,trl_log_realized,600.0,0,0.5238831403348924,0.00190331015036924,0.1,0.9603999999999999,0.5238831403348924,0.42784314033489235,1.0,10.0,32,0,risky,1.0,0.09604,0.11,0.0,0.09604,0.5238831403348924,0.06944060997599345,0.045225423770718844
0.9285714285714286,1.0,1078669.6063917598,risky_L32_p0.10,0.98,0.555,0.5362714123183585,17.753333333333334,2.0,bellman_6_sweeps,600.0,0,0.5238831403348924,7.135634271874053e-05,0.1,0.07002916666666667,0.0,0.42784314033489235,1.0,0.7291666666666667,32,0,risky,1.0,0.09604,0.11,0.01545,0.09604,0.5238831403348924,0.4304579010219821,0.3180629335430144
0.9285714285714286,1.0,0.6718844874844422,risky_L32_p0.10,0.98,0.555,3.1509754530372637e-06,17.753333333333334,32.0,sto_trl_6_sweeps,600.0,0,0.5238831403348924,7.135634271874053e-05,0.1,0.07002916666666667,0.5238831403348922,0.0,0.0,0.7291666666666667,32,0,risky,0.0,0.5238831403348924,1.0,0.0,0.09604,0.5238831403348924,7.13563427187484e-05,3.7376693384801683e-06
0.9285714285714286,1.0,0.6718844874844422,risky_L32_p0.10,0.98,0.555,3.1509754530372637e-06,17.753333333333334,32.0,bellman_full,600.0,0,0.5238831403348924,7.135634271874053e-05,0.1,0.07002916666666667,0.5238831403348924,0.0,0.0,0.7291666666666667,32,0,risky,0.0,0.5238831403348924,1.0,0.0,0.09604,0.5238831403348924,7.135634271874054e-05,3.7376693384801683e-06
0.9285714285714286,1.0,11813.450658912485,risky_L32_p0.40,0.98,0.7083333333333334,0.003337622306957105,17.753333333333334,2.0,mc_positive,600.0,0,0.5238831403348924,0.0026343419597630573,0.4,0.9602300176991122,0.520904341067607,0.13972314033489236,1.0,2.4995575221238866,32,0,risky,1.0,0.38416,0.37,0.1259,0.38416,0.5238831403348924,0.007036829431414776,0.00654547944069141
0.9285714285714286,1.0,11806.205822749922,risky_L32_p0.40,0.98,0.7083333333333334,0.0011274259654714077,17.753333333333334,32.0,mc_all_goals,600.0,0,0.5238831403348924,7.149480270462623e-05,0.4,0.37675691666666555,0.520904341067607,0.0,0.0,0.9807291666666638,32,0,risky,0.0,0.5238831403348924,1.0,0.12645,0.38416,0.5238831403348924,0.007108505962850844,0.005228595880278497
0.9285714285714286,1.0,11813.425086380037,risky_L32_p0.40,0.98,0.7083333333333334,0.0033265667925130465,17.753333333333334,2.0,trl_raw_realized,600.0,0,0.5238831403348924,0.0026906272413170424,0.4,0.9603999999999999,0.5238831403348924,0.13972314033489236,1.0,2.5,32,0,risky,1.0,0.38416,0.37,0.0,0.38416,0.5238831403348924,0.0064137672825745114,0.006541566285979759
0.9285714285714286,1.0,101692.94642564654,risky_L32_p0.40,0.98,0.7083333333333334,0.03924734268804219,17.753333333333334,2.0,trl_log_realized,600.0,0,0.5238831403348924,0.002147571222553223,0.4,0.9603999999999999,0.5238831403348924,0.13972314033489236,1.0,2.5,32,0,risky,1.0,0.38416,0.37,0.0,0.38416,0.5238831403348924,0.06970229934782234,0.04495066882945186
0.9285714285714286,1.0,1078668.9380578476,risky_L32_p0.40,0.98,0.7083333333333334,0.5338163140717136,17.753333333333334,2.0,bellman_6_sweeps,600.0,0,0.5238831403348924,2.0126147946311387e-05,0.4,0.37682361111111107,0.0,0.13972314033489236,1.0,0.9809027777777777,32,0,risky,1.0,0.38416,0.37,0.01545,0.38416,0.5238831403348924,0.4304066708272097,0.31805949321620713
0.9285714285714286,1.0,0.0035505751949011185,risky_L32_p0.40,0.98,0.7083333333333334,4.99045925079044e-07,17.753333333333334,32.0,sto_trl_6_sweeps,600.0,0,0.5238831403348924,2.0126147946311387e-05,0.4,0.37682361111111107,0.5238831403348922,0.0,0.0,0.9809027777777777,32,0,risky,0.0,0.5238831403348924,1.0,0.0,0.38416,0.5238831403348924,2.0126147946319404e-05,2.97342531200593e-07
0.9285714285714286,1.0,0.0035505751949011185,risky_L32_p0.40,0.98,0.7083333333333334,4.99045925079044e-07,17.753333333333334,32.0,bellman_full,600.0,0,0.5238831403348924,2.0126147946311387e-05,0.4,0.37682361111111107,0.5238831403348924,0.0,0.0,0.9809027777777777,32,0,risky,0.0,0.5238831403348924,1.0,0.0,0.38416,0.5238831403348924,2.012614794631154e-05,2.97342531200593e-07
0.9285714285714286,1.0,11823.727594477283,risky_L32_p0.80,0.98,0.8883333333333333,0.004021584345827511,17.753333333333334,2.0,mc_positive,600.0,1,0.76832,0.0026342774617425496,0.8,0.9602261719456965,0.520904341067607,0.0,1.0,1.2497737556561022,32,0,risky,1.0,0.76832,0.786,0.1259,0.76832,0.5238831403348924,0.007036829431414776,0.006952999056948436
0.9285714285714286,1.0,11806.868696072472,risky_L32_p0.80,0.98,0.8883333333333333,0.0011707084807110295,17.753333333333334,2.0,mc_all_goals,600.0,1,0.76832,0.00017376851851853581,0.8,0.7368402222222185,0.520904341067607,0.0,1.0,0.9590277777777728,32,0,risky,1.0,0.76832,0.786,0.1259,0.76832,0.5238831403348924,0.007210779678664756,0.0052543845542087336
0.9285714285714286,1.0,11823.70001338354,risky_L32_p0.80,0.98,0.8883333333333333,0.004010184525566804,17.753333333333334,2.0,trl_raw_realized,600.0,1,0.76832,0.0026906272413170424,0.8,0.9603999999999999,0.5238831403348924,0.0,1.0,1.25,32,0,risky,1.0,0.76832,0.786,0.0,0.76832,0.5238831403348924,0.0064137672825745114,0.006948880757263379
0.9285714285714286,1.0,101640.92596353233,risky_L32_p0.80,0.98,0.8883333333333333,0.039380351039401386,17.753333333333334,2.0,trl_log_realized,600.0,1,0.76832,0.001973111640355221,0.8,0.9603999999999999,0.5238831403348924,0.0,1.0,1.25,32,0,risky,1.0,0.76832,0.786,0.0,0.76832,0.5238831403348924,0.06952783976562435,0.04502991812871764
0.9285714285714286,1.0,1078669.098652569,risky_L32_p0.80,0.98,0.8883333333333333,0.533824925707181,17.753333333333334,2.0,bellman_6_sweeps,600.0,1,0.76832,8.599354122514898e-05,0.8,0.736973611111111,0.0,0.0,1.0,0.9592013888888888,32,0,risky,1.0,0.76832,0.786,0.01545,0.76832,0.5238831403348924,0.43047253822048853,0.31806462421790255
0.9285714285714286,1.0,0.1641452967413559,risky_L32_p0.80,0.98,0.8883333333333333,9.110681392558751e-06,17.753333333333334,2.0,sto_trl_6_sweeps,600.0,1,0.76832,8.599354122514898e-05,0.8,0.736973611111111,0.5238831403348922,0.0,1.0,0.9592013888888888,32,0,risky,1.0,0.76832,0.786,0.0,0.76832,0.5238831403348924,8.59935412251569e-05,5.42834422662901e-06
0.9285714285714286,1.0,0.1641452967413559,risky_L32_p0.80,0.98,0.8883333333333333,9.110681392558751e-06,17.753333333333334,2.0,bellman_full,600.0,1,0.76832,8.599354122514898e-05,0.8,0.736973611111111,0.5238831403348924,0.0,1.0,0.9592013888888888,32,0,risky,1.0,0.76832,0.786,0.0,0.76832,0.5238831403348924,8.599354122514904e-05,5.42834422662901e-06
0.7727272727272727,1.0,97171.01098207384,risky_L8_p0.10,0.98,0.5666666666666667,0.3068534126838636,5.176666666666667,2.0,mc_positive,600.0,0,0.8507630225817854,0.021895615550041256,0.1,0.9603999999999999,0.8496803318052774,0.7547230225817854,1.0,10.0,8,1,risky,1.0,0.09604,0.102,0.0531,0.09604,0.8507630225817854,0.041448064304745194,0.05417643623107788
0.7727272727272727,1.0,96891.5539901554,risky_L8_p0.10,0.98,0.5666666666666667,0.0018760908987395402,5.176666666666667,8.0,mc_all_goals,600.0,0,0.8507630225817854,0.001220921272276021,0.1,0.0873090909090909,0.8496803318052774,0.0,0.0,0.9090909090909091,8,1,risky,0.0,0.8507630225817854,1.0,0.0597,0.09604,0.8507630225817854,0.041637741724100036,0.03757931086998025
0.7727272727272727,1.0,97171.04336823981,risky_L8_p0.10,0.98,0.5666666666666667,0.30685317824,5.176666666666667,2.0,trl_raw_realized,600.0,0,0.8507630225817854,0.021897193974193548,0.1,0.9603999999999999,0.8507630225817854,0.7547230225817854,1.0,10.0,8,1,risky,1.0,0.09604,0.102,0.0,0.09604,0.8507630225817854,0.04239920497140632,0.05418898378597178
0.7727272727272727,1.0,147945.349365953,risky_L8_p0.10,0.98,0.5666666666666667,0.30685318111734217,5.176666666666667,2.0,trl_log_realized,600.0,0,0.8507630225817854,0.02169066707558338,0.1,0.9603999999999999,0.8507630225817855,0.7547230225817854,1.0,10.0,8,1,risky,1.0,0.09604,0.102,0.0,0.09604,0.8507630225817854,0.07271066007135144,0.0827443412880986
0.7727272727272727,1.0,239017.8125405378,risky_L8_p0.10,0.98,0.5666666666666667,0.28956545412658496,5.176666666666667,2.0,bellman_4_sweeps,600.0,0,0.8507630225817854,0.0002835581622678375,0.1,0.0873090909090909,0.0,0.7547230225817854,1.0,0.9090909090909091,8,1,risky,1.0,0.09604,0.102,0.0194,0.09604,0.8507630225817854,0.11306939110134792,0.09861212052031466
0.7727272727272727,1.0,0.725939112446644,risky_L8_p0.10,0.98,0.5666666666666667,4.636588958677689e-05,5.176666666666667,8.0,sto_trl_4_sweeps,600.0,0,0.8507630225817854,0.0002835581622678375,0.1,0.0873090909090909,0.8507630225817854,0.0,0.0,0.9090909090909091,8,1,risky,0.0,0.8507630225817854,1.0,0.0,0.09604,0.8507630225817854,0.00028355816226783973,4.985579525459841e-06
0.7727272727272727,1.0,0.725939112446644,risky_L8_p0.10,0.98,0.5666666666666667,4.636588958677689e-05,5.176666666666667,8.0,bellman_full,600.0,0,0.8507630225817854,0.0002835581622678375,0.1,0.0873090909090909,0.8507630225817854,0.0,0.0,0.9090909090909091,8,1,risky,0.0,0.8507630225817854,1.0,0.0,0.09604,0.8507630225817854,0.00028355816226783973,4.985579525459841e-06
0.7727272727272727,1.0,80130.53873931328,risky_L8_p0.40,0.98,0.705,0.18229820416244658,5.176666666666667,2.0,mc_positive,600.0,0,0.8507630225817854,0.031188336129489194,0.4,0.9602237798165111,0.8496803318052774,0.4666030225817854,1.0,2.4995412844036626,8,1,risky,1.0,0.38416,0.41,0.0538,0.38416,0.8507630225817854,0.040415376132702185,0.05305918424621581
0.7727272727272727,1.0,80045.93177999313,risky_L8_p0.40,0.98,0.705,0.002473868190596447,5.176666666666667,8.0,mc_all_goals,600.0,0,0.8507630225817854,0.0014259114219113888,0.4,0.36595941258741155,0.8496803318052774,0.0,0.0,0.9526223776223749,8,1,risky,0.0,0.8507630225817854,1.0,0.0597,0.38416,0.8507630225817854,0.04184273187373535,0.03759042416261579
0.7727272727272727,1.0,80130.50699757066,risky_L8_p0.40,0.98,0.705,0.18210349935203995,5.176666666666667,2.0,trl_raw_realized,600.0,0,0.8507630225817854,0.031170744086021503,0.4,0.9603999999999999,0.8507630225817854,0.4666030225817854,1.0,2.5,8,1,risky,1.0,0.38416,0.41,0.0,0.38416,0.8507630225817854,0.04136651679936331,0.05305469265574628
0.7727272727272727,1.0,150891.14622216905,risky_L8_p0.40,0.98,0.705,0.18233386221024434,5.176666666666667,2.0,trl_log_realized,600.0,0,0.8507630225817854,0.020864516129032267,0.4,0.9603999999999999,0.8507630225817855,0.4666030225817854,1.0,2.5,8,1,risky,1.0,0.38416,0.41,0.0,0.38416,0.8507630225817854,0.0820048535849775,0.08166556869054498
0.7727272727272727,1.0,239017.3472596046,risky_L8_p0.40,0.98,0.705,0.18119943557348453,5.176666666666667,2.0,bellman_4_sweeps,600.0,0,0.8507630225817854,0.0005889284908639737,0.4,0.3660265734265734,0.0,0.4666030225817854,1.0,0.9527972027972027,8,1,risky,1.0,0.38416,0.41,0.0194,0.38416,0.8507630225817854,0.11337476142994406,0.09862864078383096
0.7727272727272727,1.0,0.26065817924713214,risky_L8_p0.40,0.98,0.705,0.00025000542536065314,5.176666666666667,8.0,sto_trl_4_sweeps,600.0,0,0.8507630225817854,0.0005889284908639737,0.4,0.3660265734265734,0.8507630225817854,0.0,0.0,0.9527972027972027,8,1,risky,0.0,0.8507630225817854,1.0,0.0,0.38416,0.8507630225817854,0.0005889284908639754,2.1505843041776618e-05
0.7727272727272727,1.0,0.26065817924713214,risky_L8_p0.40,0.98,0.705,0.00025000542536065314,5.176666666666667,8.0,bellman_full,600.0,0,0.8507630225817854,0.0005889284908639737,0.4,0.3660265734265734,0.8507630225817854,0.0,0.0,0.9527972027972027,8,1,risky,0.0,0.8507630225817854,1.0,0.0,0.38416,0.8507630225817854,0.0005889284908639754,2.1505843041776618e-05
0.7727272727272727,1.0,80252.1982582329,risky_L8_p0.80,0.98,0.905,0.23836799340276082,5.176666666666667,2.0,mc_positive,600.0,0,0.8507630225817854,0.031186872471124654,0.8,0.9603161222707374,0.8496803318052774,0.08244302258178537,1.0,1.2498908296943168,8,1,risky,1.0,0.76832,0.81,0.0538,0.76832,0.8507630225817854,0.040415376132702185,0.05788239192280197
0.7727272727272727,1.0,80071.50958587644,risky_L8_p0.80,0.98,0.905,0.02075366143357167,5.176666666666667,8.0,mc_all_goals,600.0,0,0.8507630225817854,0.0031119329272876984,0.8,0.7689244475524435,0.8496803318052774,0.0,0.0,1.000786713286708,8,1,risky,0.0,0.8507630225817854,1.0,0.0597,0.76832,0.8507630225817854,0.04352875337911169,0.03916287949534484
0.7727272727272727,1.0,80252.16402570598,risky_L8_p0.80,0.98,0.905,0.23820622575204,5.176666666666667,2.0,trl_raw_realized,600.0,0,0.8507630225817854,0.031170744086021503,0.8,0.9603999999999999,0.8507630225817854,0.08244302258178537,1.0,1.25,8,1,risky,1.0,0.76832,0.81,0.0,0.76832,0.8507630225817854,0.04136651679936331,0.05788073363639144
0.7727272727272727,1.0,150581.21602080844,risky_L8_p0.80,0.98,0.905,0.23843658861024436,5.176666666666667,2.0,trl_log_realized,600.0,0,0.8507630225817854,0.02086451612903227,0.8,0.9603999999999999,0.8507630225817855,0.08244302258178537,1.0,1.25,8,1,risky,1.0,0.76832,0.81,0.0,0.76832,0.8507630225817854,0.0820048535849775,0.08649160967119013
0.7727272727272727,1.0,239017.08763139692,risky_L8_p0.80,0.98,0.905,0.18094977309109417,5.176666666666667,2.0,bellman_4_sweeps,600.0,0,0.8507630225817854,2.181216632829501e-05,0.8,0.7689916083916084,0.0,0.08244302258178537,1.0,1.0008741258741258,8,1,risky,1.0,0.76832,0.81,0.0194,0.76832,0.8507630225817854,0.11280764510540839,0.09860716444125976
0.7727272727272727,1.0,0.0010299715191914652,risky_L8_p0.80,0.98,0.905,3.42942970316381e-07,5.176666666666667,8.0,sto_trl_4_sweeps,600.0,0,0.8507630225817854,2.181216632829501e-05,0.8,0.7689916083916084,0.8507630225817854,0.0,0.0,1.0008741258741258,8,1,risky,0.0,0.8507630225817854,1.0,0.0,0.76832,0.8507630225817854,2.181216632829471e-05,2.9500470564849983e-08
0.7727272727272727,1.0,0.0010299715191914652,risky_L8_p0.80,0.98,0.905,3.42942970316381e-07,5.176666666666667,8.0,bellman_full,600.0,0,0.8507630225817854,2.181216632829501e-05,0.8,0.7689916083916084,0.8507630225817854,0.0,0.0,1.0008741258741258,8,1,risky,0.0,0.8507630225817854,1.0,0.0,0.76832,0.8507630225817854,2.181216632829471e-05,2.9500470564849983e-08
0.8947368421052632,1.0,129.72245342080996,risky_L16_p0.10,0.98,0.555,0.024423588768950885,9.14,2.0,mc_positive,600.0,0,0.7237977205924956,0.009634672780554677,0.1,0.9597803870967742,0.7212620318892301,0.6277577205924956,1.0,9.993548387096773,16,1,risky,1.0,0.09604,0.116,0.09805,0.09604,0.7237977205924956,0.0007195700770487632,0.007640056554138301
0.8947368421052632,1.0,12.563927484462464,risky_L16_p0.10,0.98,0.555,0.0005435693253207664,9.14,16.0,mc_all_goals,600.0,0,0.7237977205924956,0.0007702410904739785,0.1,0.09984292617449664,0.7212620318892301,0.0,0.0,1.0395973154362415,16,1,risky,0.0,0.7237977205924956,1.0,0.10065,0.09604,0.7237977205924956,0.0014904535898733055,0.000335683830261945
0.8947368421052632,1.0,129.74081374909053,risky_L16_p0.10,0.98,0.555,0.02441787373537269,9.14,2.0,trl_raw_realized,600.0,0,0.7237977205924956,0.009828277758533366,0.1,0.9603999999999999,0.7237977205924956,0.6277577205924956,1.0,10.0,16,1,risky,1.0,0.09604,0.116,0.0,0.09604,0.7237977205924956,0.0012954876612028387,0.007650032620236039
0.8947368421052632,1.0,190848.3330230404,risky_L16_p0.10,0.98,0.555,0.11646638333276921,9.14,2.0,trl_log_realized,600.0,0,0.7237977205924956,0.006870839874633097,0.1,0.9603999999999999,0.7237977205924956,0.6277577205924956,1.0,10.0,16,1,risky,1.0,0.09604,0.116,0.0,0.09604,0.7237977205924956,0.10014110798663017,0.0862268505498715
0.8947368421052632,1.0,673640.5846453173,risky_L16_p0.10,0.98,0.555,0.6313726577305077,9.14,2.0,bellman_5_sweeps,600.0,0,0.7237977205924956,3.880755423755269e-05,0.1,0.09990738255033557,0.0,0.6277577205924956,1.0,1.0402684563758389,16,1,risky,1.0,0.09604,0.116,0.0272,0.09604,0.7237977205924956,0.2989991883614036,0.245151300614895
0.8947368421052632,1.0,0.03855061007460086,risky_L16_p0.10,0.98,0.555,4.891037433652367e-07,9.14,16.0,sto_trl_5_sweeps,600.0,0,0.7237977205924956,3.880755423755269e-05,0.1,0.09990738255033557,0.7237977205924955,0.0,0.0,1.0402684563758389,16,1,risky,0.0,0.7237977205924956,1.0,0.0,0.09604,0.7237977205924956,3.88075542375544e-05,3.022368646708847e-07
0.8947368421052632,1.0,0.03855061007460086,risky_L16_p0.10,0.98,0.555,4.891037433652367e-07,9.14,16.0,bellman_full,600.0,0,0.7237977205924956,3.880755423755269e-05,0.1,0.09990738255033557,0.7237977205924956,0.0,0.0,1.0402684563758389,16,1,risky,0.0,0.7237977205924956,1.0,0.0,0.09604,0.7237977205924956,3.880755423755366e-05,3.022368646708847e-07
0.8947368421052632,1.0,5993.7954388264,risky_L16_p0.40,0.98,0.6983333333333334,0.017113346243789927,9.14,2.0,mc_positive,600.0,0,0.7237977205924956,0.008359293977340478,0.4,0.9599074871794844,0.7212620318892301,0.3396377205924956,1.0,2.4987179487179416,16,1,risky,1.0,0.38416,0.396,0.0979,0.38416,0.7237977205924956,0.002633988681699926,0.005458872954434253
0.8947368421052632,1.0,5975.8950914419565,risky_L16_p0.40,0.98,0.6983333333333334,0.006923095559383399,9.14,16.0,mc_all_goals,600.0,0,0.7237977205924956,0.0019620103012330304,0.4,0.37687642953020023,0.7212620318892301,0.0,0.0,0.9810402684563729,16,1,risky,0.0,0.7237977205924956,1.0,0.10075,0.38416,0.7237977205924956,0.002682222800632346,0.0022088262245238658
0.8947368421052632,1.0,5993.834500950804,risky_L16_p0.40,0.98,0.6983333333333334,0.017119850997944355,9.14,2.0,trl_raw_realized,600.0,0,0.7237977205924956,0.00855519257394732,0.4,0.9603999999999999,0.7237977205924956,0.3396377205924956,1.0,2.5,16,1,risky,1.0,0.38416,0.396,0.0,0.38416,0.7237977205924956,0.0032099062658540014,0.00547259826703241
0.8947368421052632,1.0,194147.47577382685,risky_L16_p0.40,0.98,0.6983333333333334,0.11396072830108639,9.14,2.0,trl_log_realized,600.0,0,0.7237977205924956,0.008529938079036533,0.4,0.9603999999999999,0.7237977205924956,0.3396377205924956,1.0,2.5,16,1,risky,1.0,0.38416,0.396,0.0,0.38416,0.7237977205924956,0.10173645682920954,0.08650633700598122
0.8947368421052632,1.0,673640.5582210444,risky_L16_p0.40,0.98,0.6983333333333334,0.611644973475479,9.14,2.0,bellman_5_sweeps,600.0,0,0.7237977205924956,7.114718276884573e-05,0.4,0.3770697986577181,0.0,0.3396377205924956,1.0,0.9815436241610738,16,1,risky,1.0,0.38416,0.396,0.0272,0.38416,0.7237977205924956,0.2990315279899349,0.24515201422971436
0.8947368421052632,1.0,0.012126337224003022,risky_L16_p0.40,0.98,0.6983333333333334,3.1851183009774e-06,9.14,16.0,sto_trl_5_sweeps,600.0,0,0.7237977205924956,7.114718276884573e-05,0.4,0.3770697986577181,0.7237977205924955,0.0,0.0,0.9815436241610738,16,1,risky,0.0,0.7237977205924956,1.0,0.0,0.38416,0.7237977205924956,7.11471827688474e-05,1.015851684032659e-06
0.8947368421052632,1.0,0.012126337224003022,risky_L16_p0.40,0.98,0.6983333333333334,3.1851183009774e-06,9.14,16.0,bellman_full,600.0,0,0.7237977205924956,7.114718276884573e-05,0.4,0.3770697986577181,0.7237977205924956,0.0,0.0,0.9815436241610738,16,1,risky,0.0,0.7237977205924956,1.0,0.0,0.38416,0.7237977205924956,7.114718276884665e-05,1.015851684032659e-06
0.8947368421052632,1.0,5537.939130324211,risky_L16_p0.80,0.98,0.89,0.014107088911528759,9.14,2.0,mc_positive,600.0,1,0.76832,0.0070838259823576425,0.8,0.9601516206896502,0.7212620318892301,0.0,1.0,1.2496767241379245,16,1,risky,1.0,0.76832,0.814,0.0979,0.76832,0.7237977205924956,0.0013577096119324838,0.0045000666291948105
0.8947368421052632,1.0,5495.142046109456,risky_L16_p0.80,0.98,0.89,0.0007899830674795858,9.14,inf,mc_all_goals,600.0,1,0.76832,0.0007765881067582498,0.8,0.747500590604023,0.7212620318892301,0.76832,1.0,0.9729026845637533,16,1,risky,1.0,0.0,0.0,0.0979,0.76832,0.7237977205924956,0.0014968006061575729,0.0002527504795977319
0.8947368421052632,1.0,5537.971482030073,risky_L16_p0.80,0.98,0.89,0.014108676872297424,9.14,2.0,trl_raw_realized,600.0,1,0.76832,0.007278913504179878,0.8,0.9603999999999999,0.7237977205924956,0.0,1.0,1.25,16,1,risky,1.0,0.76832,0.814,0.0,0.76832,0.7237977205924956,0.0019336271960865594,0.004512223795065283
0.8947368421052632,1.0,193691.61298286528,risky_L16_p0.80,0.98,0.89,0.11094970945199038,9.14,2.0,trl_log_realized,600.0,1,0.76832,0.007253659009269093,0.8,0.9603999999999999,0.7237977205924956,0.0,1.0,1.25,16,1,risky,1.0,0.76832,0.814,0.0,0.76832,0.7237977205924956,0.1004601777594421,0.08554601205743233
0.8947368421052632,1.0,673640.8182335346,risky_L16_p0.80,0.98,0.89,0.6116687434079234,9.14,2.0,bellman_5_sweeps,600.0,1,0.76832,0.00020697362260028152,0.8,0.7476939597315436,0.0,0.0,1.0,0.9731543624161074,16,1,risky,1.0,0.76832,0.814,0.0272,0.76832,0.7237977205924956,0.2991673544297663,0.24515959533773649
0.8947368421052632,1.0,0.27213882733734546,risky_L16_p0.80,0.98,0.89,2.6955050745462017e-05,9.14,2.0,sto_trl_5_sweeps,600.0,1,0.76832,0.00020697362260028152,0.8,0.7476939597315436,0.7237977205924955,0.0,1.0,0.9731543624161074,16,1,risky,1.0,0.76832,0.814,0.0,0.76832,0.7237977205924956,0.00020697362260028188,8.596959706193866e-06
0.8947368421052632,1.0,0.27213882733734546,risky_L16_p0.80,0.98,0.89,2.6955050745462017e-05,9.14,2.0,bellman_full,600.0,1,0.76832,0.00020697362260028152,0.8,0.7476939597315436,0.7237977205924956,0.0,1.0,0.9731543624161074,16,1,risky,1.0,0.76832,0.814,0.0,0.76832,0.7237977205924956,0.00020697362260028114,8.596959706193866e-06
0.9,1.0,78447.70287640198,risky_L32_p0.10,0.98,0.5733333333333334,0.027407847611043756,17.373333333333335,2.0,mc_positive,600.0,0,0.5238831403348924,0.0018492868698910157,0.1,0.9603999999999999,0.5204806434160035,0.42784314033489235,1.0,10.0,32,1,risky,1.0,0.09604,0.112,0.1233,0.09604,0.5238831403348924,0.03547212777342672,0.02994460822259805
0.9,1.0,78424.4673978679,risky_L32_p0.10,0.98,0.5733333333333334,0.02507596709917127,17.373333333333335,32.0,mc_all_goals,600.0,0,0.5238831403348924,0.00014915187667232903,0.1,0.12978378378378377,0.5204806434160035,0.0,0.0,1.3513513513513513,32,1,risky,0.0,0.5238831403348924,1.0,0.12395,0.09604,0.5238831403348924,0.03553434455424023,0.02854667225622062
0.9,1.0,78447.70631447113,risky_L32_p0.10,0.98,0.5733333333333334,0.02740436247584453,17.373333333333335,2.0,trl_raw_realized,600.0,0,0.5238831403348924,0.0019192293200718496,0.1,0.9603999999999999,0.5238831403348924,0.42784314033489235,1.0,10.0,32,1,risky,1.0,0.09604,0.112,0.0,0.09604,0.5238831403348924,0.03507042364364895,0.029948361928796536
0.9,1.0,156372.02760800862,risky_L32_p0.10,0.98,0.5733333333333334,0.055780034166565934,17.373333333333335,2.0,trl_log_realized,600.0,0,0.5238831403348924,0.001901549223712006,0.1,0.9603999999999999,0.5238831403348924,0.42784314033489235,1.0,10.0,32,1,risky,1.0,0.09604,0.112,0.0,0.09604,0.5238831403348924,0.07900525108032903,0.06051120733312033
0.9,1.0,1078669.5503662825,risky_L32_p0.10,0.98,0.5733333333333334,0.536273564372448,17.373333333333335,2.0,bellman_6_sweeps,600.0,0,0.5238831403348924,9.257039055404181e-05,0.1,0.1297837837837838,0.0,0.42784314033489235,1.0,1.3513513513513515,32,1,risky,1.0,0.09604,0.112,0.01545,0.09604,0.5238831403348924,0.4304791150698174,0.31806548629745673
0.9,1.0,0.6158590100263691,risky_L32_p0.10,0.98,0.5733333333333334,5.303029542584267e-06,17.373333333333335,32.0,sto_trl_6_sweeps,600.0,0,0.5238831403348924,9.257039055404181e-05,0.1,0.1297837837837838,0.5238831403348922,0.0,0.0,1.3513513513513515,32,1,risky,0.0,0.5238831403348924,1.0,0.0,0.09604,0.5238831403348924,9.257039055404976e-05,6.290423780758455e-06
0.9,1.0,0.6158590100263691,risky_L32_p0.10,0.98,0.5733333333333334,5.303029542584267e-06,17.373333333333335,32.0,bellman_full,600.0,0,0.5238831403348924,9.257039055404181e-05,0.1,0.1297837837837838,0.5238831403348924,0.0,0.0,1.3513513513513515,32,1,risky,0.0,0.5238831403348924,1.0,0.0,0.09604,0.5238831403348924,9.25703905540419e-05,6.290423780758455e-06
0.9,1.0,77008.3159723668,risky_L32_p0.40,0.98,0.7216666666666667,0.02716634355852744,17.373333333333335,2.0,mc_positive,600.0,0,0.5238831403348924,0.002634111850734044,0.4,0.9601022015503843,0.5204806434160035,0.13972314033489236,1.0,2.499224806201542,32,1,risky,1.0,0.38416,0.384,0.1233,0.38416,0.5238831403348924,0.03538489798232772,0.02984998282791387
0.9,1.0,77001.02048816203,risky_L32_p0.40,0.98,0.7216666666666667,0.02495105502180949,17.373333333333335,32.0,mc_all_goals,600.0,0,0.5238831403348924,6.299501681519601e-05,0.4,0.4184229189189175,0.5204806434160035,0.0,0.0,1.0891891891891854,32,1,risky,0.0,0.5238831403348924,1.0,0.12395,0.38416,0.5238831403348924,0.03544818769438309,0.028530065225655037
0.9,1.0,77008.32130468075,risky_L32_p0.40,0.98,0.7216666666666667,0.027163799671261757,17.373333333333335,2.0,trl_raw_realized,600.0,0,0.5238831403348924,0.0027042965667926494,0.4,0.9603999999999999,0.5238831403348924,0.13972314033489236,1.0,2.5,32,1,risky,1.0,0.38416,0.384,0.0,0.38416,0.5238831403348924,0.03498319385254996,0.029854222532267233
0.9,1.0,154932.5610763325,risky_L32_p0.40,0.98,0.7216666666666667,0.055376500842756485,17.373333333333335,2.0,trl_log_realized,600.0,0,0.5238831403348924,0.0026691537973753533,0.4,0.9603999999999999,0.5238831403348924,0.13972314033489236,1.0,2.5,32,1,risky,1.0,0.38416,0.384,0.0,0.38416,0.5238831403348924,0.07891802128923002,0.06039728442565841
0.9,1.0,1078669.0088719935,risky_L32_p0.40,0.98,0.7216666666666667,0.5338267825458133,17.373333333333335,2.0,bellman_6_sweeps,600.0,0,0.5238831403348924,9.435059037238866e-05,0.4,0.4185527027027027,0.0,0.13972314033489236,1.0,1.089527027027027,32,1,risky,1.0,0.38416,0.384,0.01545,0.38416,0.5238831403348924,0.4304808952696358,0.31806573056317305
0.9,1.0,0.07436472112890943,risky_L32_p0.40,0.98,0.7216666666666667,1.0967520024853472e-05,17.373333333333335,32.0,sto_trl_6_sweeps,600.0,0,0.5238831403348924,9.435059037238866e-05,0.4,0.4185527027027027,0.5238831403348922,0.0,0.0,1.089527027027027,32,1,risky,0.0,0.5238831403348924,1.0,0.0,0.38416,0.5238831403348924,9.435059037239678e-05,6.534689497097075e-06
0.9,1.0,0.07436472112890943,risky_L32_p0.40,0.98,0.7216666666666667,1.0967520024853472e-05,17.373333333333335,32.0,bellman_full,600.0,0,0.5238831403348924,9.435059037238866e-05,0.4,0.4185527027027027,0.5238831403348924,0.0,0.0,1.089527027027027,32,1,risky,0.0,0.5238831403348924,1.0,0.0,0.38416,0.5238831403348924,9.435059037238892e-05,6.534689497097075e-06
0.9,1.0,78514.97417426361,risky_L32_p0.80,0.98,0.9166666666666666,0.02700759233882044,17.373333333333335,2.0,mc_positive,600.0,1,0.76832,0.0019365028097147528,0.8,0.96000959349593,0.5204806434160035,0.0,1.0,1.2494918699186928,32,1,risky,1.0,0.76832,0.788,0.12325,0.76832,0.5238831403348924,0.03555935756452572,0.02975539536185775
0.9,1.0,78503.3578476658,risky_L32_p0.80,0.98,0.9166666666666666,0.025061686617518213,17.373333333333335,inf,mc_all_goals,600.0,1,0.76832,0.00022894211650343398,0.8,0.7978458108108066,0.5204806434160035,0.76832,1.0,1.0384290540540486,32,1,risky,1.0,0.0,0.0,0.12325,0.76832,0.5238831403348924,0.035614134794071335,0.028595981962062776
0.9,1.0,78514.9778328909,risky_L32_p0.80,0.98,0.9166666666666666,0.027004351535253775,17.373333333333335,2.0,trl_raw_realized,600.0,1,0.76832,0.0020064591111708507,0.8,0.9603999999999999,0.5238831403348924,0.0,1.0,1.25,32,1,risky,1.0,0.76832,0.788,0.0,0.76832,0.5238831403348924,0.03515765343474795,0.029759219828160748
0.9,1.0,156439.29912642838,risky_L32_p0.80,0.98,0.9166666666666666,0.05525025643469528,17.373333333333335,2.0,trl_log_realized,600.0,1,0.76832,0.001988779014811007,0.8,0.9603999999999999,0.5238831403348924,0.0,1.0,1.25,32,1,risky,1.0,0.76832,0.788,0.0,0.76832,0.5238831403348924,0.07909248087142802,0.06032206523248116
0.9,1.0,1078669.1346498204,risky_L32_p0.80,0.98,0.9166666666666666,0.5338240767817061,17.373333333333335,2.0,bellman_6_sweeps,600.0,1,0.76832,8.188919164395984e-05,0.8,0.7981702702702702,0.0,0.0,1.0,1.0388513513513513,32,1,risky,1.0,0.76832,0.788,0.01545,0.76832,0.5238831403348924,0.43046843387090733,0.3180641184094452
0.9,1.0,0.20014254800428372,risky_L32_p0.80,0.98,0.9166666666666666,8.26175591761831e-06,17.373333333333335,2.0,sto_trl_6_sweeps,600.0,1,0.76832,8.188919164395984e-05,0.8,0.7981702702702702,0.5238831403348922,0.0,1.0,1.0388513513513513,32,1,risky,1.0,0.76832,0.788,0.0,0.76832,0.5238831403348924,8.188919164396775e-05,4.922535769262135e-06
0.9,1.0,0.20014254800428372,risky_L32_p0.80,0.98,0.9166666666666666,8.26175591761831e-06,17.373333333333335,2.0,bellman_full,600.0,1,0.76832,8.188919164395984e-05,0.8,0.7981702702702702,0.5238831403348924,0.0,1.0,1.0388513513513513,32,1,risky,1.0,0.76832,0.788,0.0,0.76832,0.5238831403348924,8.188919164395987e-05,4.922535769262135e-06
0.8181818181818182,1.0,17127.44110154485,risky_L8_p0.10,0.98,0.5533333333333333,0.30685353853512715,5.085,2.0,mc_positive,600.0,0,0.8507630225817854,0.021894892312630313,0.1,0.9603999999999999,0.849420831971161,0.7547230225817854,1.0,10.0,8,2,risky,1.0,0.09604,0.108,0.0596,0.09604,0.8507630225817854,0.0012385024083439197,0.016798907510973727
0.8181818181818182,1.0,16847.665146249958,risky_L8_p0.10,0.98,0.5533333333333333,0.0018560989126288757,5.085,8.0,mc_all_goals,600.0,0,0.8507630225817854,0.00114337605347275,0.1,0.09084864864864864,0.849420831971161,0.0,0.0,0.9459459459459458,8,2,risky,0.0,0.8507630225817854,1.0,0.0662,0.09604,0.8507630225817854,0.001351283576608959,0.00019976129860191686
0.8181818181818182,1.0,17127.47913040419,risky_L8_p0.10,0.98,0.5533333333333333,0.30685317824,5.085,2.0,trl_raw_realized,600.0,0,0.8507630225817854,0.021992621701955706,0.1,0.9603999999999999,0.8507630225817854,0.7547230225817854,1.0,10.0,8,2,risky,1.0,0.09604,0.108,0.0,0.09604,0.8507630225817854,0.0024227691711017616,0.01681354350833051
0.8181818181818182,1.0,87868.98196015945,risky_L8_p0.10,0.98,0.5533333333333333,0.30685318111734217,5.085,2.0,trl_log_realized,600.0,0,0.8507630225817854,0.021990286471354727,0.1,0.9603999999999999,0.8507630225817855,0.7547230225817854,1.0,10.0,8,2,risky,1.0,0.09604,0.108,0.0,0.09604,0.8507630225817854,0.04409670080169708,0.054257761211893046
0.8181818181818182,1.0,239017.3334959277,risky_L8_p0.10,0.98,0.5533333333333333,0.2895354805602707,5.085,2.0,bellman_4_sweeps,600.0,0,0.8507630225817854,0.0001686021505376323,0.1,0.09084864864864864,0.0,0.7547230225817854,1.0,0.9459459459459458,8,2,risky,1.0,0.09604,0.108,0.0194,0.09604,0.8507630225817854,0.11295443508961774,0.09860889755619485
0.8181818181818182,1.0,0.2468945023515491,risky_L8_p0.10,0.98,0.5533333333333333,1.6392323272461705e-05,5.085,8.0,sto_trl_4_sweeps,600.0,0,0.8507630225817854,0.0001686021505376323,0.1,0.09084864864864864,0.8507630225817854,0.0,0.0,0.9459459459459458,8,2,risky,0.0,0.8507630225817854,1.0,0.0,0.09604,0.8507630225817854,0.0001686021505376347,1.762615405641019e-06
0.8181818181818182,1.0,0.2468945023515491,risky_L8_p0.10,0.98,0.5533333333333333,1.6392323272461705e-05,5.085,8.0,bellman_full,600.0,0,0.8507630225817854,0.0001686021505376323,0.1,0.09084864864864864,0.8507630225817854,0.0,0.0,0.9459459459459458,8,2,risky,0.0,0.8507630225817854,1.0,0.0,0.09604,0.8507630225817854,0.0001686021505376347,1.762615405641019e-06
0.8181818181818182,1.0,86.9616339532781,risky_L8_p0.40,0.98,0.7016666666666667,0.1822764941790791,5.085,2.0,mc_positive,600.0,0,0.8507630225817854,0.031186713450076137,0.4,0.960071658119655,0.849420831971161,0.4666030225817854,1.0,2.499145299145291,8,2,risky,1.0,0.38416,0.41,0.0603,0.38416,0.8507630225817854,0.00020581423630090906,0.015679919891537667
0.8181818181818182,1.0,15.988116831280895,risky_L8_p0.40,0.98,0.7016666666666667,0.01640848722837033,5.085,8.0,mc_all_goals,600.0,0,0.8507630225817854,0.0028518208854015014,0.4,0.37948778378378256,0.849420831971161,0.0,0.0,0.9878378378378346,8,2,risky,0.0,0.8507630225817854,1.0,0.0662,0.38416,0.8507630225817854,0.0030597284085376714,0.001411704239863793
0.8181818181818182,1.0,86.99098302003736,risky_L8_p0.40,0.98,0.7016666666666667,0.18224160092491126,5.085,2.0,trl_raw_realized,600.0,0,0.8507630225817854,0.031276478052067534,0.4,0.9603999999999999,0.8507630225817854,0.4666030225817854,1.0,2.5,8,2,risky,1.0,0.38416,0.41,0.0,0.38416,0.8507630225817854,0.0013900809990587506,0.015691130101704313
0.8181818181818182,1.0,81036.43888502399,risky_L8_p0.40,0.98,0.7016666666666667,0.20267208558936012,5.085,2.0,trl_log_realized,600.0,0,0.8507630225817854,0.026947398734522093,0.4,0.9603999999999999,0.8507630225817855,0.4666030225817854,1.0,2.5,8,2,risky,1.0,0.38416,0.41,0.0,0.38416,0.8507630225817854,0.04926014164453163,0.05489284876429532
0.8181818181818182,1.0,239017.102656544,risky_L8_p0.40,0.98,0.7016666666666667,0.18096511811375574,5.085,2.0,bellman_4_sweeps,600.0,0,0.8507630225817854,0.0001475268817204308,0.4,0.3796175675675676,0.0,0.4666030225817854,1.0,0.9881756756756758,8,2,risky,1.0,0.38416,0.41,0.0194,0.38416,0.8507630225817854,0.11293335982080052,0.09860848444320916
0.8181818181818182,1.0,0.016055118590737695,risky_L8_p0.40,0.98,0.7016666666666667,1.5687965631848087e-05,5.085,8.0,sto_trl_4_sweeps,600.0,0,0.8507630225817854,0.0001475268817204308,0.4,0.3796175675675676,0.8507630225817854,0.0,0.0,0.9881756756756758,8,2,risky,0.0,0.8507630225817854,1.0,0.0,0.38416,0.8507630225817854,0.00014752688172042962,1.3495024199439214e-06
0.8181818181818182,1.0,0.016055118590737695,risky_L8_p0.40,0.98,0.7016666666666667,1.5687965631848087e-05,5.085,8.0,bellman_full,600.0,0,0.8507630225817854,0.0001475268817204308,0.4,0.3796175675675676,0.8507630225817854,0.0,0.0,0.9881756756756758,8,2,risky,0.0,0.8507630225817854,1.0,0.0,0.38416,0.8507630225817854,0.00014752688172042962,1.3495024199439214e-06
0.8181818181818182,1.0,17923.84728000999,risky_L8_p0.80,0.98,0.8933333333333333,0.16924728092150618,5.085,2.0,mc_positive,600.0,0,0.8507630225817854,0.02292722172784566,0.8,0.9601516206896502,0.849420831971161,0.08244302258178537,1.0,1.2496767241379245,8,2,risky,1.0,0.76832,0.794,0.0596,0.76832,0.8507630225817854,0.00227119058038693,0.01455912735325182
0.8181818181818182,1.0,17785.08704486584,risky_L8_p0.80,0.98,0.8933333333333333,0.009348445341051304,5.085,8.0,mc_all_goals,600.0,0,0.8507630225817854,0.002403719848881148,0.8,0.7525512702702664,0.849420831971161,0.0,0.0,0.9794763513513463,8,2,risky,0.0,0.8507630225817854,1.0,0.0662,0.76832,0.8507630225817854,0.002611627372017344,0.0008043888086965652
0.8181818181818182,1.0,17923.88710652893,risky_L8_p0.80,0.98,0.8933333333333333,0.1692589751538816,5.085,2.0,trl_raw_realized,600.0,0,0.8507630225817854,0.02302530987399872,0.8,0.9603999999999999,0.8507630225817854,0.08244302258178537,1.0,1.25,8,2,risky,1.0,0.76832,0.794,0.0,0.76832,0.8507630225817854,0.003455457343144771,0.014574345089142625
0.8181818181818182,1.0,88665.38981091297,risky_L8_p0.80,0.98,0.8933333333333333,0.16925804533997194,5.085,2.0,trl_log_realized,600.0,0,0.8507630225817854,0.023022974643397743,0.8,0.9603999999999999,0.8507630225817855,0.08244302258178537,1.0,1.25,8,2,risky,1.0,0.76832,0.794,0.0,0.76832,0.8507630225817854,0.045129388973740095,0.05201852272133719
0.8181818181818182,1.0,239017.60012088707,risky_L8_p0.80,0.98,0.8933333333333333,0.18113384378493907,5.085,2.0,bellman_4_sweeps,600.0,0,0.8507630225817854,0.0005058064516129047,0.8,0.7527459459459459,0.0,0.08244302258178537,1.0,0.9797297297297297,8,2,risky,1.0,0.76832,0.794,0.0194,0.76832,0.8507630225817854,0.11329163939069299,0.09862299847943996
0.8181818181818182,1.0,0.5135194617007242,risky_L8_p0.80,0.98,0.8933333333333333,0.0001844136368151949,5.085,8.0,sto_trl_4_sweeps,600.0,0,0.8507630225817854,0.0005058064516129047,0.8,0.7527459459459459,0.8507630225817854,0.0,0.0,0.9797297297297297,8,2,risky,0.0,0.8507630225817854,1.0,0.0,0.76832,0.8507630225817854,0.0005058064516129053,1.586353865076945e-05
0.8181818181818182,1.0,0.5135194617007242,risky_L8_p0.80,0.98,0.8933333333333333,0.0001844136368151949,5.085,8.0,bellman_full,600.0,0,0.8507630225817854,0.0005058064516129047,0.8,0.7527459459459459,0.8507630225817854,0.0,0.0,0.9797297297297297,8,2,risky,0.0,0.8507630225817854,1.0,0.0,0.76832,0.8507630225817854,0.0005058064516129053,1.586353865076945e-05
0.868421052631579,1.0,48476.196755068646,risky_L16_p0.10,0.98,0.5583333333333333,0.024293789011517335,9.113333333333333,2.0,mc_positive,600.0,0,0.7237977205924956,0.006764618165862206,0.1,0.9603999999999999,0.7213988481471056,0.6277577205924956,1.0,10.0,16,2,risky,1.0,0.09604,0.114,0.0938,0.09604,0.7237977205924956,0.022198369916804832,0.0242585205631013
0.868421052631579,1.0,48389.976385284,risky_L16_p0.10,0.98,0.5583333333333333,0.007899292299929224,9.113333333333333,16.0,mc_all_goals,600.0,0,0.7237977205924956,0.0004074667496305685,0.1,0.10920936454849497,0.7213988481471056,0.0,0.0,1.137123745819398,16,2,risky,0.0,0.7237977205924956,1.0,0.0966,0.09604,0.7237977205924956,0.022287620597367976,0.019131944416428705
0.868421052631579,1.0,48476.20507062921,risky_L16_p0.10,0.98,0.5583333333333333,0.024280253897218943,9.113333333333333,2.0,trl_raw_realized,600.0,0,0.7237977205924956,0.006765581395345646,0.1,0.9603999999999999,0.7237977205924956,0.6277577205924956,1.0,10.0,16,2,risky,1.0,0.09604,0.114,0.0,0.09604,0.7237977205924956,0.02233362311787112,0.024264366599344857
0.868421052631579,1.0,48480.49516596018,risky_L16_p0.10,0.98,0.5583333333333333,0.026629665890143983,9.113333333333333,2.0,trl_log_realized,600.0,0,0.7237977205924956,0.006765581330888257,0.1,0.9603999999999999,0.7237977205924956,0.6277577205924956,1.0,10.0,16,2,risky,1.0,0.09604,0.114,0.0,0.09604,0.7237977205924956,0.030995700356102857,0.02521852592423035
0.868421052631579,1.0,673640.9550835467,risky_L16_p0.10,0.98,0.5583333333333333,0.631377840106172,9.113333333333333,2.0,bellman_5_sweeps,600.0,0,0.7237977205924956,0.00013214902387804301,0.1,0.10920936454849497,0.0,0.6277577205924956,1.0,1.137123745819398,16,2,risky,1.0,0.09604,0.114,0.0272,0.09604,0.7237977205924956,0.29909252983104406,0.24515450301314604
0.868421052631579,1.0,0.4089888394592649,risky_L16_p0.10,0.98,0.5583333333333333,5.671479407713914e-06,9.113333333333333,16.0,sto_trl_5_sweeps,600.0,0,0.7237977205924956,0.00013214902387804301,0.1,0.10920936454849497,0.7237977205924955,0.0,0.0,1.137123745819398,16,2,risky,0.0,0.7237977205924956,1.0,0.0,0.09604,0.7237977205924956,0.00013214902387804426,3.5046351157302067e-06
0.868421052631579,1.0,0.4089888394592649,risky_L16_p0.10,0.98,0.5583333333333333,5.671479407713914e-06,9.113333333333333,16.0,bellman_full,600.0,0,0.7237977205924956,0.00013214902387804301,0.1,0.10920936454849497,0.7237977205924956,0.0,0.0,1.137123745819398,16,2,risky,0.0,0.7237977205924956,1.0,0.0,0.09604,0.7237977205924956,0.00013214902387804353,3.5046351157302067e-06
0.868421052631579,1.0,43211.19903107404,risky_L16_p0.40,0.98,0.7183333333333334,0.022742658891894505,9.113333333333333,2.0,mc_positive,600.0,0,0.7237977205924956,0.009635585633686519,0.4,0.9602522461538427,0.7213988481471056,0.3396377205924956,1.0,2.499615384615376,16,2,risky,1.0,0.38416,0.424,0.09405,0.38416,0.7237977205924956,0.02187930014936297,0.02391292959447409
0.868421052631579,1.0,43186.704718868124,risky_L16_p0.40,0.98,0.7183333333333334,0.00803257643291234,9.113333333333333,16.0,mc_all_goals,600.0,0,0.7237977205924956,0.0007026177179746582,0.4,0.4175009765886273,0.7213988481471056,0.0,0.0,1.0867892976588591,16,2,risky,0.0,0.7237977205924956,1.0,0.0966,0.38416,0.7237977205924956,0.02258277156571205,0.019221341833469817
0.868421052631579,1.0,43211.19716012935,risky_L16_p0.40,0.98,0.7183333333333334,0.02272252799457945,9.113333333333333,2.0,trl_raw_realized,600.0,0,0.7237977205924956,0.009634018601460464,0.4,0.9603999999999999,0.7237977205924956,0.3396377205924956,1.0,2.5,16,2,risky,1.0,0.38416,0.424,0.0,0.38416,0.7237977205924956,0.022014553350429258,0.02391635235296097
0.868421052631579,1.0,46236.387333271094,risky_L16_p0.40,0.98,0.7183333333333334,0.023088285237824597,9.113333333333333,2.0,trl_log_realized,600.0,0,0.7237977205924956,0.0077227262377232405,0.4,0.9603999999999999,0.7237977205924956,0.3396377205924956,1.0,2.5,16,2,risky,1.0,0.38416,0.424,0.0,0.38416,0.7237977205924956,0.03195290965305838,0.024261267105541415
0.868421052631579,1.0,673640.8029598084,risky_L16_p0.40,0.98,0.7183333333333334,0.6117124912259871,9.113333333333333,2.0,bellman_5_sweeps,600.0,0,0.7237977205924956,0.00033520728008088943,0.4,0.4175652173913043,0.0,0.3396377205924956,1.0,1.0869565217391304,16,2,risky,1.0,0.38416,0.424,0.0272,0.38416,0.7237977205924956,0.29929558808724693,0.24517354813020859
0.868421052631579,1.0,0.2568651012639889,risky_L16_p0.40,0.98,0.7183333333333334,7.070286880907357e-05,9.113333333333333,16.0,sto_trl_5_sweeps,600.0,0,0.7237977205924956,0.00033520728008088943,0.4,0.4175652173913043,0.7237977205924955,0.0,0.0,1.0869565217391304,16,2,risky,0.0,0.7237977205924956,1.0,0.0,0.38416,0.7237977205924956,0.00033520728008089014,2.2549752178309178e-05
0.868421052631579,1.0,0.2568651012639889,risky_L16_p0.40,0.98,0.7183333333333334,7.070286880907357e-05,9.113333333333333,16.0,bellman_full,600.0,0,0.7237977205924956,0.00033520728008088943,0.4,0.4175652173913043,0.7237977205924956,0.0,0.0,1.0869565217391304,16,2,risky,0.0,0.7237977205924956,1.0,0.0,0.38416,0.7237977205924956,0.00033520728008088943,2.2549752178309178e-05
0.868421052631579,1.0,43248.78499041805,risky_L16_p0.80,0.98,0.935,0.027413619995660037,9.113333333333333,2.0,mc_positive,600.0,1,0.76832,0.009634836732259972,0.8,0.960178369230764,0.7213988481471056,0.0,1.0,1.2497115384615318,16,2,risky,1.0,0.76832,0.828,0.09405,0.76832,0.7237977205924956,0.02187930014936297,0.02540267134185446
0.868421052631579,1.0,43187.859996225496,risky_L16_p0.80,0.98,0.935,0.007790352441115515,9.113333333333333,2.0,mc_all_goals,600.0,1,0.76832,0.0006073475927510201,0.8,0.8349377123745774,0.7213988481471056,0.0,1.0,1.0867056856187232,16,2,risky,1.0,0.76832,0.828,0.09405,0.76832,0.7237977205924956,0.022487501440488427,0.01914408766997315
0.868421052631579,1.0,43248.78085854323,risky_L16_p0.80,0.98,0.935,0.027393911997755985,9.113333333333333,2.0,trl_raw_realized,600.0,1,0.76832,0.009634018601460464,0.8,0.9603999999999999,0.7237977205924956,0.0,1.0,1.25,16,2,risky,1.0,0.76832,0.828,0.0,0.76832,0.7237977205924956,0.022014553350429258,0.025406228978558803
0.868421052631579,1.0,46046.011985072466,risky_L16_p0.80,0.98,0.935,0.023920389419744826,9.113333333333333,2.0,trl_log_realized,600.0,1,0.76832,0.007084586702839519,0.8,0.9603999999999999,0.7237977205924956,0.0,1.0,1.25,16,2,risky,1.0,0.76832,0.828,0.0,0.76832,0.7237977205924956,0.03131477011817466,0.024526655814725275
0.868421052631579,1.0,673645.1775062401,risky_L16_p0.80,0.98,0.935,0.6119245998324142,9.113333333333333,2.0,bellman_5_sweeps,600.0,1,0.76832,0.0006704145601617789,0.8,0.8351304347826086,0.0,0.0,1.0,1.0869565217391304,16,2,risky,1.0,0.76832,0.828,0.0272,0.76832,0.7237977205924956,0.2996307953673278,0.2452411973867435
0.868421052631579,1.0,4.63141153281962,risky_L16_p0.80,0.98,0.935,0.0002828114752362944,9.113333333333333,2.0,sto_trl_5_sweeps,600.0,1,0.76832,0.0006704145601617789,0.8,0.8351304347826086,0.7237977205924955,0.0,1.0,1.0869565217391304,16,2,risky,1.0,0.76832,0.828,0.0,0.76832,0.7237977205924956,0.0006704145601617798,9.019900871323675e-05
0.868421052631579,1.0,4.63141153281962,risky_L16_p0.80,0.98,0.935,0.0002828114752362944,9.113333333333333,2.0,bellman_full,600.0,1,0.76832,0.0006704145601617789,0.8,0.8351304347826086,0.7237977205924956,0.0,1.0,1.0869565217391304,16,2,risky,1.0,0.76832,0.828,0.0,0.76832,0.7237977205924956,0.0006704145601617791,9.019900871323675e-05
0.9285714285714286,1.0,3127.8445206577826,risky_L32_p0.10,0.98,0.5716666666666667,0.0023612371278391533,17.523333333333333,2.0,mc_positive,600.0,0,0.5238831403348924,0.001762397820163492,0.1,0.9603999999999999,0.5203493625492226,0.42784314033489235,1.0,10.0,32,2,risky,1.0,0.09604,0.1,0.12825,0.09604,0.5238831403348924,0.0026000430698496484,0.002097271492669506
0.9285714285714286,1.0,3104.3899069454556,risky_L32_p0.10,0.98,0.5716666666666667,2.7304938214495424e-05,17.523333333333333,32.0,mc_all_goals,600.0,0,0.5238831403348924,4.0300564488393193e-05,0.1,0.1180013651877133,0.5203493625492226,0.0,0.0,1.228668941979522,32,2,risky,0.0,0.5238831403348924,1.0,0.1289,0.09604,0.5238831403348924,0.002640343634338037,0.000696816532042983
0.9285714285714286,1.0,3127.8546222512973,risky_L32_p0.10,0.98,0.5716666666666667,0.0023600367214934963,17.523333333333333,2.0,trl_raw_realized,600.0,0,0.5238831403348924,0.0022928834993850697,0.1,0.9603999999999999,0.5238831403348924,0.42784314033489235,1.0,10.0,32,2,risky,1.0,0.09604,0.1,0.0,0.09604,0.5238831403348924,0.0018076563335090222,0.0021020174480747868
0.9285714285714286,1.0,170716.33057369155,risky_L32_p0.10,0.98,0.5716666666666667,0.06259178666699947,17.523333333333333,2.0,trl_log_realized,600.0,0,0.5238831403348924,0.0022241632951094585,0.1,0.9603999999999999,0.5238831403348924,0.42784314033489235,1.0,10.0,32,2,risky,1.0,0.09604,0.1,0.0,0.09604,0.5238831403348924,0.08093838169015097,0.05999993707941363
0.9285714285714286,1.0,1078669.2220421953,risky_L32_p0.10,0.98,0.5716666666666667,0.5362705075777231,17.523333333333333,2.0,bellman_6_sweeps,600.0,0,0.5238831403348924,6.0247308528083345e-05,0.1,0.1180013651877133,0.0,0.42784314033489235,1.0,1.228668941979522,32,2,risky,1.0,0.09604,0.1,0.01545,0.09604,0.5238831403348924,0.4304467919877915,0.3180618603447677
0.9285714285714286,1.0,0.28753492275136394,risky_L32_p0.10,0.98,0.5716666666666667,2.2462348177737245e-06,17.523333333333333,32.0,sto_trl_6_sweeps,600.0,0,0.5238831403348924,6.0247308528083345e-05,0.1,0.1180013651877133,0.5238831403348922,0.0,0.0,1.228668941979522,32,2,risky,0.0,0.5238831403348924,1.0,0.0,0.09604,0.5238831403348924,6.024730852809146e-05,2.6644710917461364e-06
0.9285714285714286,1.0,0.28753492275136394,risky_L32_p0.10,0.98,0.5716666666666667,2.2462348177737245e-06,17.523333333333333,32.0,bellman_full,600.0,0,0.5238831403348924,6.0247308528083345e-05,0.1,0.1180013651877133,0.5238831403348924,0.0,0.0,1.228668941979522,32,2,risky,0.0,0.5238831403348924,1.0,0.0,0.09604,0.5238831403348924,6.0247308528083596e-05,2.6644710917461364e-06
0.9285714285714286,1.0,3220.164291919194,risky_L32_p0.40,0.98,0.71,0.0022352024995106103,17.523333333333333,2.0,mc_positive,600.0,0,0.5238831403348924,0.0017623978201634937,0.4,0.9603999999999969,0.5203493625492226,0.13972314033489236,1.0,2.499999999999992,32,2,risky,1.0,0.38416,0.406,0.12825,0.38416,0.5238831403348924,0.0026000430698496484,0.0013329291711436154
0.9285714285714286,1.0,3215.2677156069053,risky_L32_p0.40,0.98,0.71,0.0007429809609697512,17.523333333333333,32.0,mc_all_goals,600.0,0,0.5238831403348924,1.0827017325248727e-05,0.4,0.3900600682593844,0.5203493625492226,0.0,0.0,1.0153583617747406,32,2,risky,0.0,0.5238831403348924,1.0,0.1289,0.38416,0.5238831403348924,0.0026108700871748883,0.0004438307794244478
0.9285714285714286,1.0,3220.1743935127097,risky_L32_p0.40,0.98,0.71,0.0022340075828281296,17.523333333333333,2.0,trl_raw_realized,600.0,0,0.5238831403348924,0.0022928834993850697,0.4,0.9603999999999999,0.5238831403348924,0.13972314033489236,1.0,2.5,32,2,risky,1.0,0.38416,0.406,0.0,0.38416,0.5238831403348924,0.0018076563335090222,0.001337675126548901
0.9285714285714286,1.0,170808.65034495294,risky_L32_p0.40,0.98,0.71,0.06219030745236381,17.523333333333333,2.0,trl_log_realized,600.0,0,0.5238831403348924,0.0022241632951094585,0.4,0.9603999999999999,0.5238831403348924,0.13972314033489236,1.0,2.5,32,2,risky,1.0,0.38416,0.406,0.0,0.38416,0.5238831403348924,0.08093838169015097,0.059235594757887734
0.9285714285714286,1.0,1078668.936765259,risky_L32_p0.40,0.98,0.71,0.5338161377933619,17.523333333333333,2.0,bellman_6_sweeps,600.0,0,0.5238831403348924,1.618584408217163e-05,0.4,0.39006006825938566,0.0,0.13972314033489236,1.0,1.015358361774744,32,2,risky,1.0,0.38416,0.406,0.01545,0.38416,0.5238831403348924,0.4304027305233456,0.31805938818569063
0.9285714285714286,1.0,0.002257986509482543,risky_L32_p0.40,0.98,0.71,3.227675733541244e-07,17.523333333333333,32.0,sto_trl_6_sweeps,600.0,0,0.5238831403348924,1.618584408217163e-05,0.4,0.39006006825938566,0.5238831403348922,0.0,0.0,1.015358361774744,32,2,risky,0.0,0.5238831403348924,1.0,0.0,0.38416,0.5238831403348924,1.6185844082179645e-05,1.923120146415128e-07
0.9285714285714286,1.0,0.002257986509482543,risky_L32_p0.40,0.98,0.71,3.227675733541244e-07,17.523333333333333,32.0,bellman_full,600.0,0,0.5238831403348924,1.618584408217163e-05,0.4,0.39006006825938566,0.5238831403348924,0.0,0.0,1.015358361774744,32,2,risky,0.0,0.5238831403348924,1.0,0.0,0.38416,0.5238831403348924,1.618584408217178e-05,1.923120146415128e-07
0.9285714285714286,1.0,3180.65272997308,risky_L32_p0.80,0.98,0.8966666666666666,0.0029193820897545158,17.523333333333333,2.0,mc_positive,600.0,1,0.76832,0.0017623978201634918,0.8,0.9603999999999949,0.5203493625492226,0.0,1.0,1.2499999999999933,32,2,risky,1.0,0.76832,0.808,0.12825,0.76832,0.5238831403348924,0.0026000430698496484,0.0017405784092907562
0.9285714285714286,1.0,3168.9177475500746,risky_L32_p0.80,0.98,0.8966666666666666,0.0009685051074688371,17.523333333333333,2.0,mc_all_goals,600.0,1,0.76832,2.0451032725459537e-05,0.8,0.7571754266211564,0.5203493625492226,0.0,1.0,0.9854948805460699,32,2,risky,1.0,0.76832,0.808,0.12825,0.76832,0.5238831403348924,0.0026204941025751017,0.0005782030229334399
0.9285714285714286,1.0,3180.6628315665953,risky_L32_p0.80,0.98,0.8966666666666666,0.0029181871730720324,17.523333333333333,2.0,trl_raw_realized,600.0,1,0.76832,0.0022928834993850697,0.8,0.9603999999999999,0.5238831403348924,0.0,1.0,1.25,32,2,risky,1.0,0.76832,0.808,0.0,0.76832,0.5238831403348924,0.0018076563335090222,0.0017453243646960404
0.9285714285714286,1.0,170769.13878300687,risky_L32_p0.80,0.98,0.8966666666666666,0.0628744870426077,17.523333333333333,2.0,trl_log_realized,600.0,1,0.76832,0.002224163295109459,0.8,0.9603999999999999,0.5238831403348924,0.0,1.0,1.25,32,2,risky,1.0,0.76832,0.808,0.0,0.76832,0.5238831403348924,0.08093838169015097,0.05964324399603489
0.9285714285714286,1.0,1078668.9571683155,risky_L32_p0.80,0.98,0.8966666666666666,0.5338169666286119,17.523333333333333,2.0,bellman_6_sweeps,600.0,1,0.76832,3.0573261044102154e-05,0.8,0.7571754266211603,0.0,0.0,1.0,0.9854948805460749,32,2,risky,1.0,0.76832,0.808,0.01545,0.76832,0.5238831403348924,0.4304171179403075,0.3180598820239504
0.9285714285714286,1.0,0.02266104321165367,risky_L32_p0.80,0.98,0.8966666666666666,1.151602823448673e-06,17.523333333333333,2.0,sto_trl_6_sweeps,600.0,1,0.76832,3.0573261044102154e-05,0.8,0.7571754266211603,0.5238831403348922,0.0,1.0,0.9854948805460749,32,2,risky,1.0,0.76832,0.808,0.0,0.76832,0.5238831403348924,3.0573261044110116e-05,6.86150274461698e-07
0.9285714285714286,1.0,0.02266104321165367,risky_L32_p0.80,0.98,0.8966666666666666,1.151602823448673e-06,17.523333333333333,2.0,bellman_full,600.0,1,0.76832,3.0573261044102154e-05,0.8,0.7571754266211603,0.5238831403348924,0.0,1.0,0.9854948805460749,32,2,risky,1.0,0.76832,0.808,0.0,0.76832,0.5238831403348924,3.057326104410225e-05,6.86150274461698e-07
