covered_sa_frac,covered_state_frac,distance_mse,env,gamma,goal_reach_frac,height,long_horizon_mse,mean_length,median_steps,method,n_trajectories,optimal_start_value,overestimate_mean,p_success,path_length,portal_action,portal_action_rate,portal_overestimate_ratio,pred_start_portal,pred_start_safe,regret,safe_action,safe_action_rate,seed,stage,start_action,start_value,success_rate,sweeps,triangle_violation_rate,true_start_portal,true_start_safe,underestimate_mean,value_mse,width
0.7751937984496124,1.0,1713818.6335238728,grid_shortcut_16x8_p0.05,0.98,0.5225,8,0.2402642877179597,64.80583333333334,1.0,bellman,1200.0,0.07686198797275202,7.915211969667014e-06,0.05,127,4,1.0,0.8681135225375625,0.042537562604340565,0.0,0.027861987972752023,1,0.0,0,grid_budget_curve,4.0,0.049,0.056,1,nan,0.049,0.07686198797275202,0.4664610514683264,0.28019493039682764,16
0.7751937984496124,1.0,1692199.8073339472,grid_shortcut_16x8_p0.05,0.98,0.5225,8,0.24026397437288902,64.80583333333334,1.0,bellman,1200.0,0.07686198797275202,1.5670568816247946e-05,0.05,127,4,1.0,0.8681135225375625,0.042537562604340565,0.04085307512520867,0.027861987972752023,1,0.0,0,grid_budget_curve,4.0,0.049,0.056,2,nan,0.049,0.07686198797275202,0.4555901060709365,0.269974875247699,16
0.7751937984496124,1.0,1655697.8565942394,grid_shortcut_16x8_p0.05,0.98,0.5225,8,0.2402637201038856,64.80583333333334,1.0,bellman,1200.0,0.07686198797275202,3.0279669975288805e-05,0.05,127,4,1.0,0.8681135225375625,0.042537562604340565,0.04085307512520867,0.027861987972752023,1,0.0,0,grid_budget_curve,4.0,0.049,0.056,4,nan,0.049,0.07686198797275202,0.4376951516069667,0.2536406032955256,16
0.7751937984496124,1.0,1596323.3728060506,grid_shortcut_16x8_p0.05,0.98,0.5225,8,0.2279457920699903,64.80583333333334,1.0,bellman,1200.0,0.07686198797275202,5.575723960638481e-05,0.05,127,4,1.0,0.8681135225375625,0.042537562604340565,0.04085307512520867,0.027861987972752023,1,0.0,0,grid_budget_curve,4.0,0.049,0.056,8,nan,0.049,0.07686198797275202,0.4101018500902734,0.22990304256720553,16
0.7751937984496124,1.0,1492519.543833376,grid_shortcut_16x8_p0.05,0.98,0.5225,8,0.19136760306457032,64.80583333333334,1.0,bellman,1200.0,0.07686198797275202,9.8546149264953e-05,0.05,127,4,1.0,0.8681135225375625,0.042537562604340565,0.04085307512520867,0.027861987972752023,1,0.0,0,grid_budget_curve,4.0,0.049,0.056,16,nan,0.049,0.07686198797275202,0.3669586944902038,0.1969494407351236,16
0.7751937984496124,1.0,1310259.285343929,grid_shortcut_16x8_p0.05,0.98,0.5225,8,0.15034718620123594,64.80583333333334,1.0,bellman,1200.0,0.07686198797275202,0.00015897253772524468,0.05,127,4,1.0,0.8681135225375625,0.042537562604340565,0.04085307512520867,0.027861987972752023,1,0.0,0,grid_budget_curve,4.0,0.049,0.056,32,nan,0.049,0.07686198797275202,0.30608063783268674,0.1599937980131714,16
0.7751937984496124,1.0,1040093.979080565,grid_shortcut_16x8_p0.05,0.98,0.5225,8,0.12436918355579397,64.80583333333334,1.0,bellman,1200.0,0.07686198797275202,0.0002151190195127172,0.05,127,4,1.0,0.8681135225375625,0.042537562604340565,0.04085307512520867,0.027861987972752023,1,0.0,0,grid_budget_curve,4.0,0.049,0.056,64,nan,0.049,0.07686198797275202,0.24678333495187413,0.13658999430260996,16
0.7751937984496124,1.0,886577.6635105127,grid_shortcut_16x8_p0.05,0.98,0.5225,8,0.12000059262307493,64.80583333333334,1.0,bellman,1200.0,0.07686198797275202,0.00023089008539249107,0.05,127,4,1.0,0.8681135225375625,0.042537562604340565,0.04085307512520867,0.027861987972752023,1,0.0,0,grid_budget_curve,4.0,0.049,0.056,96,nan,0.049,0.07686198797275202,0.22799592687190415,0.13265429354545286,16
0.7751937984496124,1.0,841588.058161069,grid_shortcut_16x8_p0.05,0.98,0.5225,8,0.11957101117521866,64.80583333333334,1.0,bellman,1200.0,0.07686198797275202,0.00023288620082412615,0.05,127,4,1.0,0.8681135225375625,0.042537562604340565,0.04085307512520867,0.027861987972752023,1,0.0,0,grid_budget_curve,4.0,0.049,0.056,120,nan,0.049,0.07686198797275202,0.2247123027152806,0.13226727996244012,16
0.7751937984496124,1.0,839332.8942524894,grid_shortcut_16x8_p0.05,0.98,0.5225,8,0.11955987690776143,64.80583333333334,127.0,bellman,1200.0,0.07686198797275202,0.00023296702623545206,0.05,127,4,0.0,0.8681135225375625,0.042537562604340565,0.07686198797275202,0.0,1,1.0,0,grid_budget_curve,1.0,0.07686198797275202,1.0,126,nan,0.049,0.07686198797275202,0.2245882875084074,0.13225724900611194,16
0.7751937984496124,1.0,839332.8522515377,grid_shortcut_16x8_p0.05,0.98,0.5225,8,0.11955981539505828,64.80583333333334,127.0,bellman,1200.0,0.07686198797275202,0.00023296702623545206,0.05,127,4,0.0,0.8681135225375625,0.042537562604340565,0.07686198797275202,0.0,1,1.0,0,grid_budget_curve,1.0,0.07686198797275202,1.0,127,nan,0.049,0.07686198797275202,0.2245866400435793,0.13225719358879406,16
0.7751937984496124,1.0,839332.8522515377,grid_shortcut_16x8_p0.05,0.98,0.5225,8,0.11955981539505828,64.80583333333334,127.0,bellman,1200.0,0.07686198797275202,0.00023296702623545206,0.05,127,4,0.0,0.8681135225375625,0.042537562604340565,0.07686198797275202,0.0,1,1.0,0,grid_budget_curve,1.0,0.07686198797275202,1.0,128,nan,0.049,0.07686198797275202,0.2245866400435793,0.13225719358879406,16
0.7751937984496124,1.0,1713818.6335238728,grid_shortcut_16x8_p0.05,0.98,0.5225,8,0.2402642877179597,64.80583333333334,1.0,sto_trl,1200.0,0.07686198797275202,7.915211969667014e-06,0.05,127,4,1.0,0.8681135225375625,0.042537562604340565,0.0,0.027861987972752023,1,0.0,0,grid_budget_curve,4.0,0.049,0.056,1,nan,0.049,0.07686198797275202,0.4664610514683264,0.28019493039682764,16
0.7751937984496124,1.0,1676160.2007398868,grid_shortcut_16x8_p0.05,0.98,0.5225,8,0.24026378367113652,64.80583333333334,1.0,sto_trl,1200.0,0.07686198797275202,2.31218716560448e-05,0.05,127,4,1.0,0.8681135225375625,0.042537562604340565,0.04085307512520867,0.027861987972752023,1,0.0,0,grid_budget_curve,4.0,0.049,0.056,2,nan,0.049,0.07686198797275202,0.4476694737181783,0.2626784733271253,16
0.7751937984496124,1.0,1506906.879145585,grid_shortcut_16x8_p0.05,0.98,0.5225,8,0.19578761885407314,64.80583333333334,1.0,sto_trl,1200.0,0.07686198797275202,9.368254620562816e-05,0.05,127,4,1.0,0.8681135225375625,0.042537562604340565,0.04085307512520867,0.027861987972752023,1,0.0,0,grid_budget_curve,4.0,0.049,0.056,4,nan,0.049,0.07686198797275202,0.37256204023117107,0.20093147058349056,16
0.7751937984496124,1.0,1047762.2590176741,grid_shortcut_16x8_p0.05,0.98,0.5225,8,0.1247334164837825,64.80583333333334,1.0,sto_trl,1200.0,0.07686198797275202,0.00021413105127207315,0.05,127,4,1.0,0.8681135225375625,0.042537562604340565,0.04085307512520867,0.027861987972752023,1,0.0,0,grid_budget_curve,4.0,0.049,0.056,6,nan,0.049,0.07686198797275202,0.2480009083558169,0.13691813484782087,16
0.7751937984496124,1.0,839332.8627517757,grid_shortcut_16x8_p0.05,0.98,0.5225,8,0.11955983077323407,64.80583333333334,127.0,sto_trl,1200.0,0.07686198797275202,0.00023296702623545128,0.05,127,4,0.0,0.8681135225375625,0.042537562604340565,0.07686198797275182,0.0,1,1.0,0,grid_budget_curve,1.0,0.07686198797275202,1.0,7,nan,0.049,0.07686198797275202,0.22458705190978634,0.13225720744312353,16
0.7751937984496124,1.0,839332.8522515377,grid_shortcut_16x8_p0.05,0.98,0.5225,8,0.11955981539505828,64.80583333333334,127.0,sto_trl,1200.0,0.07686198797275202,0.00023296702623545258,0.05,127,4,0.0,0.8681135225375625,0.042537562604340565,0.07686198797275194,0.0,1,1.0,0,grid_budget_curve,1.0,0.07686198797275202,1.0,8,nan,0.049,0.07686198797275202,0.2245866400435793,0.13225719358879406,16
0.7534883720930232,1.0,1715185.6512847042,grid_shortcut_16x8_p0.05,0.98,0.5091666666666667,8,0.2402643526855852,63.03333333333333,1.0,bellman,1200.0,0.07686198797275202,1.1183640371519793e-05,0.05,127,4,1.0,0.8455284552845528,0.04143089430894309,0.0,0.027861987972752023,1,0.0,1,grid_budget_curve,4.0,0.049,0.052,1,nan,0.049,0.07686198797275202,0.46716147436827293,0.28087305218747727,16
0.7534883720930232,1.0,1695553.7051373555,grid_shortcut_16x8_p0.05,0.98,0.5091666666666667,8,0.2402643526855852,63.03333333333333,1.0,bellman,1200.0,0.07686198797275202,2.1785763987936698e-05,0.05,127,4,1.0,0.8455284552845528,0.04143089430894309,0.0,0.027861987972752023,1,0.0,1,grid_budget_curve,4.0,0.049,0.052,2,nan,0.049,0.07686198797275202,0.4572498716726122,0.2715543096570738,16
0.7534883720930232,1.0,1661608.3705152657,grid_shortcut_16x8_p0.05,0.98,0.5091666666666667,8,0.2402643526855852,63.03333333333333,1.0,bellman,1200.0,0.07686198797275202,4.235812465323207e-05,0.05,127,4,1.0,0.8455284552845528,0.04143089430894309,0.0,0.027861987972752023,1,0.0,1,grid_budget_curve,4.0,0.049,0.052,4,nan,0.049,0.07686198797275202,0.4405828443592253,0.2563465720397552,16
0.7534883720930232,1.0,1602305.4598407168,grid_shortcut_16x8_p0.05,0.98,0.5091666666666667,8,0.2276176608307071,63.03333333333333,1.0,bellman,1200.0,0.07686198797275202,8.067860397567556e-05,0.05,127,4,1.0,0.8455284552845528,0.04143089430894309,0.0,0.027861987972752023,1,0.0,1,grid_budget_curve,4.0,0.049,0.052,8,nan,0.049,0.07686198797275202,0.41304408429415185,0.2326757095914407,16
0.7534883720930232,1.0,1498279.2495973774,grid_shortcut_16x8_p0.05,0.98,0.5091666666666667,8,0.19098058478562854,63.03333333333333,1.0,bellman,1200.0,0.07686198797275202,0.00014327596078657893,0.05,127,4,1.0,0.8455284552845528,0.04143089430894309,0.0,0.027861987972752023,1,0.0,1,grid_budget_curve,4.0,0.049,0.052,16,nan,0.049,0.07686198797275202,0.3698196020150249,0.19966905592407808,16
0.7534883720930232,1.0,1316068.8594156548,grid_shortcut_16x8_p0.05,0.98,0.5091666666666667,8,0.15000493650257057,63.03333333333333,1.0,bellman,1200.0,0.07686198797275202,0.00023077784052927359,0.05,127,4,1.0,0.8455284552845528,0.04143089430894309,0.0,0.027861987972752023,1,0.0,1,grid_budget_curve,4.0,0.049,0.052,32,nan,0.049,0.07686198797275202,0.30898207638761016,0.16275374559717146,16
0.7534883720930232,1.0,1046017.6142331231,grid_shortcut_16x8_p0.05,0.98,0.5091666666666667,8,0.12405687589898341,63.03333333333333,1.0,bellman,1200.0,0.07686198797275202,0.0003159603576293068,0.05,127,4,1.0,0.8455284552845528,0.04143089430894309,0.0,0.027861987972752023,1,0.0,1,grid_budget_curve,4.0,0.049,0.052,64,nan,0.049,0.07686198797275202,0.24973024132634397,0.13937691692698656,16
0.7534883720930232,1.0,892447.1224437059,grid_shortcut_16x8_p0.05,0.98,0.5091666666666667,8,0.11969098065106443,63.03333333333333,1.0,bellman,1200.0,0.07686198797275202,0.0003425552442589734,0.05,127,4,1.0,0.8455284552845528,0.04143089430894309,0.0,0.027861987972752023,1,0.0,1,grid_budget_curve,4.0,0.049,0.052,96,nan,0.049,0.07686198797275202,0.23094544397280134,0.13544364473521175,16
0.7534883720930232,1.0,847577.4299958671,grid_shortcut_16x8_p0.05,0.98,0.5091666666666667,8,0.11926328502067096,63.03333333333333,1.0,bellman,1200.0,0.07686198797275202,0.0003480979140364281,0.05,127,4,1.0,0.8455284552845528,0.04143089430894309,0.0,0.027861987972752023,1,0.0,1,grid_budget_curve,4.0,0.049,0.052,120,nan,0.049,0.07686198797275202,0.2276732636295664,0.13505833010120355,16
0.7534883720930232,1.0,845171.8139068307,grid_shortcut_16x8_p0.05,0.98,0.5091666666666667,8,0.11925170270424078,63.03333333333333,127.0,bellman,1200.0,0.07686198797275202,0.0003482579968428019,0.05,127,4,0.0,0.8455284552845528,0.04143089430894309,0.07686198797275202,0.0,1,1.0,1,grid_budget_curve,1.0,0.07686198797275202,1.0,126,nan,0.049,0.07686198797275202,0.2275459465489495,0.13504789549374177,16
0.7534883720930232,1.0,845171.7795364584,grid_shortcut_16x8_p0.05,0.98,0.5091666666666667,8,0.11925165354687058,63.03333333333333,127.0,bellman,1200.0,0.07686198797275202,0.0003482579968428019,0.05,127,4,0.0,0.8455284552845528,0.04143089430894309,0.07686198797275202,0.0,1,1.0,1,grid_budget_curve,1.0,0.07686198797275202,1.0,127,nan,0.049,0.07686198797275202,0.22754467111287138,0.13504785120744853,16
0.7534883720930232,1.0,845171.7795364584,grid_shortcut_16x8_p0.05,0.98,0.5091666666666667,8,0.11925165354687058,63.03333333333333,127.0,bellman,1200.0,0.07686198797275202,0.0003482579968428019,0.05,127,4,0.0,0.8455284552845528,0.04143089430894309,0.07686198797275202,0.0,1,1.0,1,grid_budget_curve,1.0,0.07686198797275202,1.0,128,nan,0.049,0.07686198797275202,0.22754467111287138,0.13504785120744853,16
0.7534883720930232,1.0,1715185.6512847042,grid_shortcut_16x8_p0.05,0.98,0.5091666666666667,8,0.2402643526855852,63.03333333333333,1.0,sto_trl,1200.0,0.07686198797275202,1.1183640371519793e-05,0.05,127,4,1.0,0.8455284552845528,0.04143089430894309,0.0,0.027861987972752023,1,0.0,1,grid_budget_curve,4.0,0.049,0.052,1,nan,0.049,0.07686198797275202,0.46716147436827293,0.28087305218747727,16
0.7534883720930232,1.0,1680481.6931935255,grid_shortcut_16x8_p0.05,0.98,0.5091666666666667,8,0.2402643526855852,63.03333333333333,1.0,sto_trl,1200.0,0.07686198797275202,3.2175845132025285e-05,0.05,127,4,1.0,0.8455284552845528,0.04143089430894309,0.0,0.027861987972752023,1,0.0,1,grid_budget_curve,4.0,0.049,0.052,2,nan,0.049,0.07686198797275202,0.449783920756597,0.2646775377280456,16
0.7534883720930232,1.0,1512353.0307010154,grid_shortcut_16x8_p0.05,0.98,0.5091666666666667,8,0.19529792013466654,63.03333333333333,1.0,sto_trl,1200.0,0.07686198797275202,0.00013632795641611484,0.05,127,4,1.0,0.8455284552845528,0.04143089430894309,0.0,0.027861987972752023,1,0.0,1,grid_budget_curve,4.0,0.049,0.052,4,nan,0.049,0.07686198797275202,0.37529696909307514,0.20355858008960442,16
0.7534883720930232,1.0,1053581.6840090116,grid_shortcut_16x8_p0.05,0.98,0.5091666666666667,8,0.12441579355877443,63.03333333333333,1.0,sto_trl,1200.0,0.07686198797275202,0.0003146430666417812,0.05,127,4,1.0,0.8455284552845528,0.04143089430894309,0.0,0.027861987972752023,1,0.0,1,grid_budget_curve,4.0,0.049,0.052,6,nan,0.049,0.07686198797275202,0.2509306832265765,0.13970026890183426,16
0.7534883720930232,1.0,845171.7795364584,grid_shortcut_16x8_p0.05,0.98,0.5091666666666667,8,0.11925165354687058,63.03333333333333,127.0,sto_trl,1200.0,0.07686198797275202,0.00034825799684280045,0.05,127,4,0.0,0.8455284552845528,0.04143089430894309,0.07686198797275182,0.0,1,1.0,1,grid_budget_curve,1.0,0.07686198797275202,1.0,7,nan,0.049,0.07686198797275202,0.22754467111287138,0.13504785120744853,16
0.7534883720930232,1.0,845171.7795364584,grid_shortcut_16x8_p0.05,0.98,0.5091666666666667,8,0.11925165354687058,63.03333333333333,127.0,sto_trl,1200.0,0.07686198797275202,0.00034825799684280213,0.05,127,4,0.0,0.8455284552845528,0.04143089430894309,0.07686198797275194,0.0,1,1.0,1,grid_budget_curve,1.0,0.07686198797275202,1.0,8,nan,0.049,0.07686198797275202,0.22754467111287138,0.13504785120744853,16
0.7333333333333333,1.0,1714275.7347899056,grid_shortcut_16x8_p0.05,0.98,0.5133333333333333,8,0.24026424728474452,62.505,1.0,bellman,1200.0,0.07686198797275202,9.033784232129148e-06,0.05,127,4,1.0,1.1612903225806452,0.056903225806451616,0.0,0.027861987972752023,1,0.0,2,grid_budget_curve,4.0,0.049,0.042,1,nan,0.049,0.07686198797275202,0.4666987945875572,0.2804262709758966,16
0.7333333333333333,1.0,1692839.4915802607,grid_shortcut_16x8_p0.05,0.98,0.5133333333333333,8,0.24026387935459595,62.505,1.0,bellman,1200.0,0.07686198797275202,1.7792060263082246e-05,0.05,127,4,1.0,1.1612903225806452,0.056903225806451616,0.054649858064516124,0.027861987972752023,1,0.0,2,grid_budget_curve,4.0,0.049,0.042,2,nan,0.049,0.07686198797275202,0.45592104448862486,0.270295541671099,16
0.7333333333333333,1.0,1656175.5669837382,grid_shortcut_16x8_p0.05,0.98,0.5133333333333333,8,0.24026319643895847,62.505,1.0,bellman,1200.0,0.07686198797275202,3.4339393841689395e-05,0.05,127,4,1.0,1.1612903225806452,0.056903225806451616,0.054649858064516124,0.027861987972752023,1,0.0,2,grid_budget_curve,4.0,0.049,0.042,4,nan,0.049,0.07686198797275202,0.4379948251716795,0.25393987632060944,16
0.7333333333333333,1.0,1596576.1187814786,grid_shortcut_16x8_p0.05,0.98,0.5133333333333333,8,0.22773661968650516,62.505,1.0,bellman,1200.0,0.07686198797275202,6.549418663638973e-05,0.05,127,4,1.0,1.1612903225806452,0.056903225806451616,0.054649858064516124,0.027861987972752023,1,0.0,2,grid_budget_curve,4.0,0.049,0.042,8,nan,0.049,0.07686198797275202,0.4103062132848581,0.2301289020647359,16
0.7333333333333333,1.0,1492030.6728284538,grid_shortcut_16x8_p0.05,0.98,0.5133333333333333,8,0.19089080165001918,62.505,1.0,bellman,1200.0,0.07686198797275202,0.00011852634608492329,0.05,127,4,1.0,1.1612903225806452,0.056903225806451616,0.054649858064516124,0.027861987972752023,1,0.0,2,grid_budget_curve,4.0,0.049,0.042,16,nan,0.049,0.07686198797275202,0.3668512859721475,0.19693419096048223,16
0.7333333333333333,1.0,1309861.2109403657,grid_shortcut_16x8_p0.05,0.98,0.5133333333333333,8,0.14990622985820437,62.505,1.0,bellman,1200.0,0.07686198797275202,0.00019329535320043175,0.05,127,4,1.0,1.1612903225806452,0.056903225806451616,0.054649858064516124,0.027861987972752023,1,0.0,2,grid_budget_curve,4.0,0.049,0.042,32,nan,0.049,0.07686198797275202,0.30601432706186416,0.16001084136857882,16
0.7333333333333333,1.0,1039678.2578331617,grid_shortcut_16x8_p0.05,0.98,0.5133333333333333,8,0.12393488308367935,62.505,1.0,bellman,1200.0,0.07686198797275202,0.0002625706821765248,0.05,127,4,1.0,1.1612903225806452,0.056903225806451616,0.054649858064516124,0.027861987972752023,1,0.0,2,grid_budget_curve,4.0,0.049,0.042,64,nan,0.049,0.07686198797275202,0.24672259611961686,0.1366130339887818,16
0.7333333333333333,1.0,886087.019137543,grid_shortcut_16x8_p0.05,0.98,0.5133333333333333,8,0.1195680337578446,62.505,1.0,bellman,1200.0,0.07686198797275202,0.00028692425922911786,0.05,127,4,1.0,1.1612903225806452,0.056903225806451616,0.054649858064516124,0.027861987972752023,1,0.0,2,grid_budget_curve,4.0,0.049,0.042,96,nan,0.049,0.07686198797275202,0.2279345714031548,0.1326789022600915,16
0.7333333333333333,1.0,841236.3259691666,grid_shortcut_16x8_p0.05,0.98,0.5133333333333333,8,0.11914043431572331,62.505,1.0,bellman,1200.0,0.07686198797275202,0.00029161371320000527,0.05,127,4,1.0,1.1612903225806452,0.056903225806451616,0.054649858064516124,0.027861987972752023,1,0.0,2,grid_budget_curve,4.0,0.049,0.042,120,nan,0.049,0.07686198797275202,0.22466343219731047,0.13229367428291644,16
0.7333333333333333,1.0,839094.7261935818,grid_shortcut_16x8_p0.05,0.98,0.5133333333333333,8,0.1191298815516666,62.505,127.0,bellman,1200.0,0.07686198797275202,0.00029169576315548457,0.05,127,4,0.0,1.1612903225806452,0.056903225806451616,0.07686198797275202,0.0,1,1.0,2,grid_budget_curve,1.0,0.07686198797275202,1.0,126,nan,0.049,0.07686198797275202,0.22454519129292072,0.13228416720795158,16
0.7333333333333333,1.0,839094.715346391,grid_shortcut_16x8_p0.05,0.98,0.5133333333333333,8,0.11912986075348012,62.505,127.0,bellman,1200.0,0.07686198797275202,0.00029169576315548457,0.05,127,4,0.0,1.1612903225806452,0.056903225806451616,0.07686198797275202,0.0,1,1.0,2,grid_budget_curve,1.0,0.07686198797275202,1.0,127,nan,0.049,0.07686198797275202,0.2245442333348973,0.13228414847068834,16
0.7333333333333333,1.0,839094.715346391,grid_shortcut_16x8_p0.05,0.98,0.5133333333333333,8,0.11912986075348012,62.505,127.0,bellman,1200.0,0.07686198797275202,0.00029169576315548457,0.05,127,4,0.0,1.1612903225806452,0.056903225806451616,0.07686198797275202,0.0,1,1.0,2,grid_budget_curve,1.0,0.07686198797275202,1.0,128,nan,0.049,0.07686198797275202,0.2245442333348973,0.13228414847068834,16
0.7333333333333333,1.0,1714275.7347899056,grid_shortcut_16x8_p0.05,0.98,0.5133333333333333,8,0.24026424728474452,62.505,1.0,sto_trl,1200.0,0.07686198797275202,9.033784232129148e-06,0.05,127,4,1.0,1.1612903225806452,0.056903225806451616,0.0,0.027861987972752023,1,0.0,2,grid_budget_curve,4.0,0.049,0.042,1,nan,0.049,0.07686198797275202,0.4666987945875572,0.2804262709758966,16
0.7333333333333333,1.0,1676644.6173278093,grid_shortcut_16x8_p0.05,0.98,0.5133333333333333,8,0.240263578580945,62.505,1.0,sto_trl,1200.0,0.07686198797275202,2.6149299444196977e-05,0.05,127,4,1.0,1.1612903225806452,0.056903225806451616,0.054649858064516124,0.027861987972752023,1,0.0,2,grid_budget_curve,4.0,0.049,0.042,2,nan,0.049,0.07686198797275202,0.44793355667344226,0.26293963998584796,16
0.7333333333333333,1.0,1506261.1814163479,grid_shortcut_16x8_p0.05,0.98,0.5133333333333333,8,0.19525906272084714,62.505,1.0,sto_trl,1200.0,0.07686198797275202,0.00011244684226076723,0.05,127,4,1.0,1.1612903225806452,0.056903225806451616,0.054649858064516124,0.027861987972752023,1,0.0,2,grid_budget_curve,4.0,0.049,0.042,4,nan,0.049,0.07686198797275202,0.37239138005904227,0.20086959454225384,16
0.7333333333333333,1.0,1047221.5812905655,grid_shortcut_16x8_p0.05,0.98,0.5133333333333333,8,0.12429285688431682,62.505,1.0,sto_trl,1200.0,0.07686198797275202,0.00026131925573837577,0.05,127,4,1.0,1.1612903225806452,0.056903225806451616,0.054649858064516124,0.027861987972752023,1,0.0,2,grid_budget_curve,4.0,0.049,0.042,6,nan,0.049,0.07686198797275202,0.24791981065692992,0.13693553563288394,16
0.7333333333333333,1.0,839094.7180581887,grid_shortcut_16x8_p0.05,0.98,0.5133333333333333,8,0.11912986595302673,62.505,127.0,sto_trl,1200.0,0.07686198797275202,0.00029169576315548327,0.05,127,4,0.0,1.1612903225806452,0.056903225806451616,0.07686198797275182,0.0,1,1.0,2,grid_budget_curve,1.0,0.07686198797275202,1.0,7,nan,0.049,0.07686198797275202,0.22454447282440315,0.13228415315500414,16
0.7333333333333333,1.0,839094.715346391,grid_shortcut_16x8_p0.05,0.98,0.5133333333333333,8,0.11912986075348012,62.505,127.0,sto_trl,1200.0,0.07686198797275202,0.00029169576315548484,0.05,127,4,0.0,1.1612903225806452,0.056903225806451616,0.07686198797275194,0.0,1,1.0,2,grid_budget_curve,1.0,0.07686198797275202,1.0,8,nan,0.049,0.07686198797275202,0.2245442333348973,0.13228414847068834,16
0.7581395348837209,1.0,1713974.4880030006,grid_shortcut_16x8_p0.05,0.98,0.555,8,0.24026432393951835,68.305,1.0,bellman,1200.0,0.07686198797275202,8.054681059658449e-06,0.05,127,4,1.0,1.0973451327433628,0.053769911504424776,0.0,0.027861987972752023,1,0.0,3,grid_budget_curve,4.0,0.049,0.034,1,nan,0.049,0.07686198797275202,0.4665322262983723,0.28026345672712855,16
0.7581395348837209,1.0,1692472.2852674266,grid_shortcut_16x8_p0.05,0.98,0.555,8,0.24026432393951835,68.305,1.0,bellman,1200.0,0.07686198797275202,1.589103329787964e-05,0.05,127,4,1.0,1.0973451327433628,0.053769911504424776,0.0,0.027861987972752023,1,0.0,3,grid_budget_curve,4.0,0.049,0.034,2,nan,0.049,0.07686198797275202,0.4556728859437833,0.27005010797214796,16
0.7581395348837209,1.0,1656318.589204776,grid_shortcut_16x8_p0.05,0.98,0.555,8,0.24026432393951835,68.305,1.0,bellman,1200.0,0.07686198797275202,3.109669118092405e-05,0.05,127,4,1.0,1.0973451327433628,0.053769911504424776,0.0,0.027861987972752023,1,0.0,3,grid_budget_curve,4.0,0.049,0.034,4,nan,0.049,0.07686198797275202,0.4379124697347646,0.2538357487798628,16
0.7581395348837209,1.0,1597896.630369235,grid_shortcut_16x8_p0.05,0.98,0.555,8,0.2280156337103224,68.305,1.0,bellman,1200.0,0.07686198797275202,5.888339826808921e-05,0.05,127,4,1.0,1.0973451327433628,0.053769911504424776,0.0,0.027861987972752023,1,0.0,3,grid_budget_curve,4.0,0.049,0.034,8,nan,0.049,0.07686198797275202,0.4107682160242183,0.23049038966577584,16
0.7581395348837209,1.0,1494318.8969676222,grid_shortcut_16x8_p0.05,0.98,0.555,8,0.19153182349798545,68.305,1.0,bellman,1200.0,0.07686198797275202,0.00010580040615317419,0.05,127,4,1.0,1.0973451327433628,0.053769911504424776,0.0,0.027861987972752023,1,0.0,3,grid_budget_curve,4.0,0.049,0.034,16,nan,0.049,0.07686198797275202,0.3677272893054836,0.19762181449174387,16
0.7581395348837209,1.0,1312081.4691364034,grid_shortcut_16x8_p0.05,0.98,0.555,8,0.15052116302941515,68.305,1.0,bellman,1200.0,0.07686198797275202,0.0001708304101386266,0.05,127,4,1.0,1.0973451327433628,0.053769911504424776,0.0,0.027861987972752023,1,0.0,3,grid_budget_curve,4.0,0.049,0.034,32,nan,0.049,0.07686198797275202,0.3068600947952599,0.16067496138888204,16
0.7581395348837209,1.0,1041854.9582022573,grid_shortcut_16x8_p0.05,0.98,0.555,8,0.12454292740940344,68.305,1.0,bellman,1200.0,0.07686198797275202,0.0002395796873813004,0.05,127,4,1.0,1.0973451327433628,0.053769911504424776,0.0,0.027861987972752023,1,0.0,3,grid_budget_curve,4.0,0.049,0.034,64,nan,0.049,0.07686198797275202,0.24755604292618394,0.1372709477895476,16
0.7581395348837209,1.0,888342.6747287732,grid_shortcut_16x8_p0.05,0.98,0.555,8,0.12017711313975382,68.305,1.0,bellman,1200.0,0.07686198797275202,0.00026353652536218055,0.05,127,4,1.0,1.0973451327433628,0.053769911504424776,0.0,0.027861987972752023,1,0.0,3,grid_budget_curve,4.0,0.049,0.034,96,nan,0.049,0.07686198797275202,0.22877478125380676,0.13333774855178498,16
0.7581395348837209,1.0,843432.0251891811,grid_shortcut_16x8_p0.05,0.98,0.555,8,0.11974857127680488,68.305,1.0,bellman,1200.0,0.07686198797275202,0.00026664228953540725,0.05,127,4,1.0,1.0973451327433628,0.053769911504424776,0.0,0.027861987972752023,1,0.0,3,grid_budget_curve,4.0,0.049,0.034,120,nan,0.049,0.07686198797275202,0.22549792014126813,0.13295167153966428,16
0.7581395348837209,1.0,840988.4097331096,grid_shortcut_16x8_p0.05,0.98,0.555,8,0.11973679234891463,68.305,127.0,bellman,1200.0,0.07686198797275202,0.00026676114330111285,0.05,127,4,0.0,1.0973451327433628,0.053769911504424776,0.07686198797275202,0.0,1,1.0,3,grid_budget_curve,1.0,0.07686198797275202,1.0,126,nan,0.049,0.07686198797275202,0.22536852078587,0.1329410598032646,16
0.7581395348837209,1.0,840988.3982439399,grid_shortcut_16x8_p0.05,0.98,0.555,8,0.11973677146819324,68.305,127.0,bellman,1200.0,0.07686198797275202,0.00026676114330111285,0.05,127,4,0.0,1.0973451327433628,0.053769911504424776,0.07686198797275202,0.0,1,1.0,3,grid_budget_curve,1.0,0.07686198797275202,1.0,127,nan,0.049,0.07686198797275202,0.22536768952540354,0.13294104099164494,16
0.7581395348837209,1.0,840988.3982439399,grid_shortcut_16x8_p0.05,0.98,0.555,8,0.11973677146819324,68.305,127.0,bellman,1200.0,0.07686198797275202,0.00026676114330111285,0.05,127,4,0.0,1.0973451327433628,0.053769911504424776,0.07686198797275202,0.0,1,1.0,3,grid_budget_curve,1.0,0.07686198797275202,1.0,128,nan,0.049,0.07686198797275202,0.22536768952540354,0.13294104099164494,16
0.7581395348837209,1.0,1713974.4880030006,grid_shortcut_16x8_p0.05,0.98,0.555,8,0.24026432393951835,68.305,1.0,sto_trl,1200.0,0.07686198797275202,8.054681059658449e-06,0.05,127,4,1.0,1.0973451327433628,0.053769911504424776,0.0,0.027861987972752023,1,0.0,3,grid_budget_curve,4.0,0.049,0.034,1,nan,0.049,0.07686198797275202,0.4665322262983723,0.28026345672712855,16
0.7581395348837209,1.0,1676534.6236086772,grid_shortcut_16x8_p0.05,0.98,0.555,8,0.24026432393951835,68.305,1.0,sto_trl,1200.0,0.07686198797275202,2.3570658491336423e-05,0.05,127,4,1.0,1.0973451327433628,0.053769911504424776,0.0,0.027861987972752023,1,0.0,3,grid_budget_curve,4.0,0.049,0.034,2,nan,0.049,0.07686198797275202,0.4477750690463007,0.2627724965741592,16
0.7581395348837209,1.0,1508639.0539024922,grid_shortcut_16x8_p0.05,0.98,0.555,8,0.19592993221603522,68.305,1.0,sto_trl,1200.0,0.07686198797275202,0.00010058940287532613,0.05,127,4,1.0,1.0973451327433628,0.053769911504424776,0.0,0.027861987972752023,1,0.0,3,grid_budget_curve,4.0,0.049,0.034,4,nan,0.049,0.07686198797275202,0.3733037008948148,0.2015841080729637,16
0.7581395348837209,1.0,1049439.8700103897,grid_shortcut_16x8_p0.05,0.98,0.555,8,0.12490290812283396,68.305,1.0,sto_trl,1200.0,0.07686198797275202,0.00023832826094315136,0.05,127,4,1.0,1.0973451327433628,0.053769911504424776,0.0,0.027861987972752023,1,0.0,3,grid_budget_curve,4.0,0.049,0.034,6,nan,0.049,0.07686198797275202,0.24875991112715845,0.13759525747846793,16
0.7581395348837209,1.0,840988.3982439399,grid_shortcut_16x8_p0.05,0.98,0.555,8,0.11973677146819324,68.305,127.0,sto_trl,1200.0,0.07686198797275202,0.0002667611433011117,0.05,127,4,0.0,1.0973451327433628,0.053769911504424776,0.07686198797275182,0.0,1,1.0,3,grid_budget_curve,1.0,0.07686198797275202,1.0,7,nan,0.049,0.07686198797275202,0.22536768952540354,0.13294104099164494,16
0.7581395348837209,1.0,840988.3982439399,grid_shortcut_16x8_p0.05,0.98,0.555,8,0.11973677146819324,68.305,127.0,sto_trl,1200.0,0.07686198797275202,0.00026676114330111323,0.05,127,4,0.0,1.0973451327433628,0.053769911504424776,0.07686198797275194,0.0,1,1.0,3,grid_budget_curve,1.0,0.07686198797275202,1.0,8,nan,0.049,0.07686198797275202,0.22536768952540354,0.13294104099164494,16
0.724031007751938,1.0,1714092.9215826236,grid_shortcut_16x8_p0.05,0.98,0.5241666666666667,8,0.24026426640584936,64.51916666666666,1.0,bellman,1200.0,0.07686198797275202,8.471558569002689e-06,0.05,127,4,1.0,0.9983361064891846,0.048918469217970044,0.0,0.027861987972752023,1,0.0,4,grid_budget_curve,4.0,0.049,0.054,1,nan,0.049,0.07686198797275202,0.4666036785368378,0.28033410115172297,16
0.724031007751938,1.0,1692405.796140582,grid_shortcut_16x8_p0.05,0.98,0.5241666666666667,8,0.24026392562182455,64.51916666666666,1.0,bellman,1200.0,0.07686198797275202,1.6773666400515438e-05,0.05,127,4,1.0,0.9983361064891846,0.048918469217970044,0.04698129783693843,0.027861987972752023,1,0.0,4,grid_budget_curve,4.0,0.049,0.054,2,nan,0.049,0.07686198797275202,0.4556987077482054,0.27008321531562,16
0.724031007751938,1.0,1654380.885407062,grid_shortcut_16x8_p0.05,0.98,0.5241666666666667,8,0.24026322647001594,64.51916666666666,1.0,bellman,1200.0,0.07686198797275202,3.2661722534147867e-05,0.05,127,4,1.0,0.9983361064891846,0.048918469217970044,0.04698129783693843,0.027861987972752023,1,0.0,4,grid_budget_curve,4.0,0.049,0.054,4,nan,0.049,0.07686198797275202,0.4371143177144575,0.25312878275652256,16
0.724031007751938,1.0,1589106.541585303,grid_shortcut_16x8_p0.05,0.98,0.5241666666666667,8,0.22653046284128364,64.51916666666666,1.0,bellman,1200.0,0.07686198797275202,6.129850008012391e-05,0.05,127,4,1.0,0.9983361064891846,0.048918469217970044,0.04698129783693843,0.027861987972752023,1,0.0,4,grid_budget_curve,4.0,0.049,0.054,8,nan,0.049,0.07686198797275202,0.406864814363712,0.22712020035716154,16
0.724031007751938,1.0,1476293.5170631087,grid_shortcut_16x8_p0.05,0.98,0.5241666666666667,8,0.18672958465764147,64.51916666666666,1.0,bellman,1200.0,0.07686198797275202,0.00011009985831534477,0.05,127,4,1.0,0.9983361064891846,0.048918469217970044,0.04698129783693843,0.027861987972752023,1,0.0,4,grid_budget_curve,4.0,0.049,0.054,16,nan,0.049,0.07686198797275202,0.3599498084031484,0.1912632504125758,16
0.724031007751938,1.0,1291918.553677888,grid_shortcut_16x8_p0.05,0.98,0.5241666666666667,8,0.1451190883773399,64.51916666666666,1.0,bellman,1200.0,0.07686198797275202,0.00017136791758377284,0.05,127,4,1.0,0.9983361064891846,0.048918469217970044,0.04698129783693843,0.027861987972752023,1,0.0,4,grid_budget_curve,4.0,0.049,0.054,32,nan,0.049,0.07686198797275202,0.29828519061809633,0.1537760001210645,16
0.724031007751938,1.0,1021688.9432446088,grid_shortcut_16x8_p0.05,0.98,0.5241666666666667,8,0.11913325084668343,64.51916666666666,1.0,bellman,1200.0,0.07686198797275202,0.00022681940323988995,0.05,127,4,1.0,0.9983361064891846,0.048918469217970044,0.04698129783693843,0.027861987972752023,1,0.0,4,grid_budget_curve,4.0,0.049,0.054,64,nan,0.049,0.07686198797275202,0.2389723394475356,0.13036513789572202,16
0.724031007751938,1.0,868153.8973247694,grid_shortcut_16x8_p0.05,0.98,0.5241666666666667,8,0.11476510352154963,64.51916666666666,1.0,bellman,1200.0,0.07686198797275202,0.00024650105471895364,0.05,127,4,1.0,0.9983361064891846,0.048918469217970044,0.04698129783693843,0.027861987972752023,1,0.0,4,grid_budget_curve,4.0,0.049,0.054,96,nan,0.049,0.07686198797275202,0.2201847772084426,0.1264298367884145,16
0.724031007751938,1.0,823203.7702720624,grid_shortcut_16x8_p0.05,0.98,0.5241666666666667,8,0.11433604402404311,64.51916666666666,1.0,bellman,1200.0,0.07686198797275202,0.00024991982225078057,0.05,127,4,1.0,0.9983361064891846,0.048918469217970044,0.04698129783693843,0.027861987972752023,1,0.0,4,grid_budget_curve,4.0,0.049,0.054,120,nan,0.049,0.07686198797275202,0.21690453457386147,0.12604329343491472,16
0.724031007751938,1.0,821232.4740342213,grid_shortcut_16x8_p0.05,0.98,0.5241666666666667,8,0.1143260304108187,64.51916666666666,127.0,bellman,1200.0,0.07686198797275202,0.00024994064499859277,0.05,127,4,0.0,0.9983361064891846,0.048918469217970044,0.07686198797275202,0.0,1,1.0,4,grid_budget_curve,1.0,0.07686198797275202,1.0,126,nan,0.049,0.07686198797275202,0.21678934415310855,0.12603427208552398,16
0.724031007751938,1.0,821232.4495340799,grid_shortcut_16x8_p0.05,0.98,0.5241666666666667,8,0.1143259896427209,64.51916666666666,127.0,bellman,1200.0,0.07686198797275202,0.00024994064499859277,0.05,127,4,0.0,0.9983361064891846,0.048918469217970044,0.07686198797275202,0.0,1,1.0,4,grid_budget_curve,1.0,0.07686198797275202,1.0,127,nan,0.049,0.07686198797275202,0.21678800295179695,0.12603423535719765,16
0.724031007751938,1.0,821232.4495340799,grid_shortcut_16x8_p0.05,0.98,0.5241666666666667,8,0.1143259896427209,64.51916666666666,127.0,bellman,1200.0,0.07686198797275202,0.00024994064499859277,0.05,127,4,0.0,0.9983361064891846,0.048918469217970044,0.07686198797275202,0.0,1,1.0,4,grid_budget_curve,1.0,0.07686198797275202,1.0,128,nan,0.049,0.07686198797275202,0.21678800295179695,0.12603423535719765,16
0.724031007751938,1.0,1714092.9215826236,grid_shortcut_16x8_p0.05,0.98,0.5241666666666667,8,0.24026426640584936,64.51916666666666,1.0,sto_trl,1200.0,0.07686198797275202,8.471558569002689e-06,0.05,127,4,1.0,0.9983361064891846,0.048918469217970044,0.0,0.027861987972752023,1,0.0,4,grid_budget_curve,4.0,0.049,0.054,1,nan,0.049,0.07686198797275202,0.4666036785368378,0.28033410115172297,16
0.724031007751938,1.0,1675869.359419009,grid_shortcut_16x8_p0.05,0.98,0.5241666666666667,8,0.2402636482428795,64.51916666666666,1.0,sto_trl,1200.0,0.07686198797275202,2.490879251080053e-05,0.05,127,4,1.0,0.9983361064891846,0.048918469217970044,0.04698129783693843,0.027861987972752023,1,0.0,4,grid_budget_curve,4.0,0.049,0.054,2,nan,0.049,0.07686198797275202,0.4475415943230375,0.2625706629324636,16
0.724031007751938,1.0,1491507.4117607826,grid_shortcut_16x8_p0.05,0.98,0.5241666666666667,8,0.19140318930694344,64.51916666666666,1.0,sto_trl,1200.0,0.07686198797275202,0.00010488885503749669,0.05,127,4,1.0,0.9983361064891846,0.048918469217970044,0.04698129783693843,0.027861987972752023,1,0.0,4,grid_budget_curve,4.0,0.049,0.054,4,nan,0.049,0.07686198797275202,0.36587486092606897,0.19547374062330886,16
0.724031007751938,1.0,1029336.3811494736,grid_shortcut_16x8_p0.05,0.98,0.5241666666666667,8,0.11949642072103245,64.51916666666666,1.0,sto_trl,1200.0,0.07686198797275202,0.00022576557044986972,0.05,127,4,1.0,0.9983361064891846,0.048918469217970044,0.04698129783693843,0.027861987972752023,1,0.0,4,grid_budget_curve,4.0,0.049,0.054,6,nan,0.049,0.07686198797275202,0.2401864865507363,0.1306923207268603,16
0.724031007751938,1.0,821232.4556591152,grid_shortcut_16x8_p0.05,0.98,0.5241666666666667,8,0.11432599983474534,64.51916666666666,127.0,sto_trl,1200.0,0.07686198797275202,0.00024994064499859174,0.05,127,4,0.0,0.9983361064891846,0.048918469217970044,0.07686198797275182,0.0,1,1.0,4,grid_budget_curve,1.0,0.07686198797275202,1.0,7,nan,0.049,0.07686198797275202,0.21678833825212485,0.12603424453927925,16
0.724031007751938,1.0,821232.4495340799,grid_shortcut_16x8_p0.05,0.98,0.5241666666666667,8,0.1143259896427209,64.51916666666666,127.0,sto_trl,1200.0,0.07686198797275202,0.00024994064499859315,0.05,127,4,0.0,0.9983361064891846,0.048918469217970044,0.07686198797275194,0.0,1,1.0,4,grid_budget_curve,1.0,0.07686198797275202,1.0,8,nan,0.049,0.07686198797275202,0.21678800295179695,0.12603423535719765,16
